"data_sheet","collection_date","site","habitat","experiment_date","collection_temp","exp_start","exp_end","ramp_start","water_bath","thermometer","exp_notes","tube","ctmax","order","genus","species","author","year","instar","sex","eggs","body_length_um","id_notes","low_lat","low_lat_elevation","high_lat","high_lat_elevation","lat_range","elev_range","mean_gs"
4,"2025-07-21","Siecino","metalimnion","2025-07-22",10,NA,NA,15.5,4,3,"Deep calanoid; no eggs",1,28.1,"Calanoid","Eurytemora","lacustris","(Poppe)",1887,"CVI","female","absent",972,"",NA,NA,NA,NA,NA,NA,0.8908286187
4,"2025-07-21","Siecino","metalimnion","2025-07-22",10,NA,NA,15.5,4,3,"Deep calanoid; no eggs; dead after assay",2,34.8,"Calanoid","Eudiaptomus","gracilis","(Sars G.O.)",1863,"CVI","female","present",1169,"",NA,NA,NA,NA,NA,NA,4.4749244646
4,"2025-07-21","Siecino","surface","2025-07-22",21,NA,NA,15.5,4,3,"Shallow cyclo with eggs; dead after assay",3,36.1,"Cyclopoid","Thermocyclops","oithonoides","(Sars G.O.)",1863,"CVI","female","present",770,"",33.1,2080,67,NA,33.9,NA,NA
4,"2025-07-21","Siecino","metalimnion","2025-07-22",10,NA,NA,15.5,4,3,"Deep cal no eggs",4,29.1,"Calanoid","Eurytemora","lacustris","(Poppe)",1887,"CVI","female","present",1380.8,"",NA,NA,NA,NA,NA,NA,0.8908286187
4,"2025-07-21","Siecino","metalimnion","2025-07-22",10,NA,NA,15.5,4,3,"Deep cal no eggs",5,29.6,"Calanoid","Eurytemora","lacustris","(Poppe)",1887,"CVI","female","absent",1241.6,"",NA,NA,NA,NA,NA,NA,0.8908286187
4,"2025-07-21","Siecino","metalimnion","2025-07-22",10,NA,NA,15.5,4,3,"Deep cal with eggs",6,33.8,"Calanoid","Eudiaptomus","gracilis","(Sars G.O.)",1863,"CVI","female","present",1207.8,"",NA,NA,NA,NA,NA,NA,4.4749244646
4,"2025-07-21","Siecino","metalimnion","2025-07-22",10,NA,NA,15.5,4,3,"Deep cal no eggs",7,28.6,"Calanoid","Eurytemora","lacustris","(Poppe)",1887,"CV","female","absent",1007.7,"",NA,NA,NA,NA,NA,NA,0.8908286187
4,"2025-07-21","Siecino","metalimnion","2025-07-22",10,NA,NA,15.5,4,3,"Deep cal no eggs",8,28.9,"Calanoid","Eurytemora","lacustris","(Poppe)",1887,"CVI","female","absent",1324.2,"",NA,NA,NA,NA,NA,NA,0.8908286187
4,"2025-07-21","Siecino","metalimnion","2025-07-22",10,NA,NA,15.5,4,3,"Deep cal no eggs",9,28.6,"Calanoid","Eurytemora","lacustris","(Poppe)",1887,"CV","female","absent",1235.3,"",NA,NA,NA,NA,NA,NA,0.8908286187
4,"2025-07-21","Siecino","surface","2025-07-22",21,NA,NA,15.5,4,3,"Shallow cal no eggs",10,32.8,"Calanoid","Eudiaptomus","sp.",NA,NA,"CV","female","absent",1124.8,"",NA,NA,NA,NA,NA,NA,NA
4,"2025-07-21","Siecino","surface","2025-07-22",21,NA,NA,15.5,4,3,"Shallow cal with eggs; missing preserved sample",11,29.4,"Calanoid","","sp.",NA,NA,"","","absent",NA,"lack of tube",NA,NA,NA,NA,NA,NA,NA
5,"2025-07-21","Siecino","surface","2025-07-22",21,NA,NA,20,4,3,"Eucyclops",2,35.2,"Cyclopoid","Eucyclops","serrulatus","(Fischer)",1851,"CVI","female","absent",1225,"",31,3200,72.4,12,41.4,3188,NA
5,"2025-07-21","Siecino","surface","2025-07-22",21,NA,NA,20,4,3,"Mesocyclops",3,36,"Cyclopoid","Mesocyclops","leuckarti","(Claus)",1857,"CVI","female","present",955,"",34.4,NA,72.4,10,38,NA,NA
5,"2025-07-21","Siecino","surface","2025-07-22",21,NA,NA,20,4,3,"Calanoid",4,29.6,"Calanoid","Eurytemora","lacustris","(Poppe)",1887,"CVI","female","absent",1429.4,"",NA,NA,NA,NA,NA,NA,0.8908286187
5,"2025-07-21","Siecino","surface","2025-07-22",21,NA,NA,20,4,3,"Thermocyclops",5,34.8,"Cyclopoid","Thermocyclops","oithonoides","(Sars G.O.)",1863,"CVI","female","present",730,"",33.1,2080,67,NA,33.9,NA,NA
5,"2025-07-21","Siecino","surface","2025-07-22",21,NA,NA,20,4,3,"Mesocyclops",6,26.3,"Cyclopoid","Mesocyclops","leuckarti","(Claus)",1857,"CVI","female","present",960,"P4 with aberrant morphology on one side of the leg; antennule with aberrant morphology on the terminal segments",34.4,NA,72.4,10,38,NA,NA
5,"2025-07-21","Siecino","surface","2025-07-22",21,NA,NA,20,4,3,"Mesocyclops",7,35.8,"Cyclopoid","Mesocyclops","leuckarti","(Claus)",1857,"CVI","female","present",955,"",34.4,NA,72.4,10,38,NA,NA
5,"2025-07-21","Siecino","surface","2025-07-22",21,NA,NA,20,4,3,"Calanoid",8,29.8,"Calanoid","Eurytemora","lacustris","(Poppe)",1887,"CVI","female","absent",1405.3,"",NA,NA,NA,NA,NA,NA,0.8908286187
5,"2025-07-21","Siecino","surface","2025-07-22",21,NA,NA,20,4,3,"Thermocyclops",9,33.9,"Cyclopoid","Thermocyclops","oithonoides","(Sars G.O.)",1863,"CVI","female","present",715,"",33.1,2080,67,NA,33.9,NA,NA
5,"2025-07-21","Siecino","surface","2025-07-22",21,NA,NA,20,4,3,"Mesocyclops",10,35.8,"Cyclopoid","Mesocyclops","leuckarti","(Claus)",1857,"CVI","female","present",1005,"",34.4,NA,72.4,10,38,NA,NA
5,"2025-07-21","Siecino","surface","2025-07-22",21,NA,NA,20,4,3,"Mesocyclops",11,36.2,"Cyclopoid","Mesocyclops","leuckarti","(Claus)",1857,"CVI","female","present",1025,"Antennal enp2 with 8 setae (7 setae-state  is normal)",34.4,NA,72.4,10,38,NA,NA
5,"2025-07-21","Siecino","surface","2025-07-22",21,NA,NA,20,4,3,"Calanoid",12,29.9,"Calanoid","Eurytemora","lacustris","(Poppe)",1887,"CVI","female","absent",1437,"",NA,NA,NA,NA,NA,NA,0.8908286187
6,"2025-07-22","Drawsko","littoral","2025-07-22",22,NA,NA,22,4,3,"Large cyclopoid",1,33.2,"Cyclopoid","Megacyclops","viridis","(Jurine)",1820,"CVI","female","absent",1955,"Caudal rami with aberrant morphology on one side",33.4,1864,72.4,12,39,1852,NA
6,"2025-07-22","Drawsko","littoral","2025-07-22",22,NA,NA,22,4,3,"Large cyclopoid",2,32.8,"Cyclopoid","Megacyclops","viridis","(Jurine)",1820,"CVI","female","absent",2010,"",33.4,1864,72.4,12,39,1852,NA
6,"2025-07-22","Drawsko","littoral","2025-07-22",22,NA,NA,22,4,3,"Cyclopoid with eggs",3,37.3,"Cyclopoid","Eucyclops","speratus","(Lilljeborg)",1901,"CVI","female","present",1325,"",36.6,NA,70.6,256,34,NA,NA
6,"2025-07-22","Drawsko","littoral","2025-07-22",22,NA,NA,22,4,3,"Cyclopoid with eggs",4,38,"Cyclopoid","Eucyclops","speratus","(Lilljeborg)",1901,"CVI","female","present",1380,"",36.6,NA,70.6,256,34,NA,NA
6,"2025-07-22","Drawsko","littoral","2025-07-22",22,NA,NA,22,4,3,"Cyclopoid no eggs",5,33.1,"Cyclopoid","Megacyclops","viridis","(Jurine)",1820,"CV","male","absent",1485,"",33.4,1864,72.4,12,39,1852,NA
6,"2025-07-22","Drawsko","littoral","2025-07-22",22,NA,NA,22,4,3,"Cyclopoid with eggs",6,38.1,"Cyclopoid","Eucyclops","speratus","(Lilljeborg)",1901,"CVI","female","present",1290,"",36.6,NA,70.6,256,34,NA,NA
6,"2025-07-22","Drawsko","littoral","2025-07-22",22,NA,NA,22,4,3,"Cyclopoid with eggs",7,38,"Cyclopoid","Eucyclops","speratus","(Lilljeborg)",1901,"CVI","female","present",1385,"",36.6,NA,70.6,256,34,NA,NA
6,"2025-07-22","Drawsko","littoral","2025-07-22",22,NA,NA,22,4,3,"Cyclopoid with eggs",8,38.6,"Cyclopoid","Eucyclops","speratus","(Lilljeborg)",1901,"CVI","female","absent",1375,"",36.6,NA,70.6,256,34,NA,NA
6,"2025-07-22","Drawsko","littoral","2025-07-22",22,NA,NA,22,4,3,"Large cyclopoid",9,36.5,"Cyclopoid","Macrocyclops","albidus","(Jurine)",1820,"CVI","female","absent",1660,"",0,1523,72.4,12,72.4,1511,NA
6,"2025-07-22","Drawsko","littoral","2025-07-22",22,NA,NA,22,4,3,"Thermocyclops",10,39.1,"Cyclopoid","Thermocyclops","crassus","(Fischer)",1853,"CVI","female","absent",870,"",0.3,458,71.6,26,71.3,432,NA
6,"2025-07-22","Drawsko","littoral","2025-07-22",22,NA,NA,22,4,3,"Cyclopoid with eggs",12,38.1,"Cyclopoid","Eucyclops","speratus","(Lilljeborg)",1901,"CVI","female","present",1315,"",36.6,NA,70.6,256,34,NA,NA
7,"2025-07-21","Siecino","surface","2025-07-22",21,NA,NA,21,3,6,"Cyclopoid with eggs",1,37.3,"Cyclopoid","Mesocyclops","leuckarti","(Claus)",1857,"CVI","female","present",980,"",34.4,NA,72.4,10,38,NA,NA
7,"2025-07-21","Siecino","surface","2025-07-22",21,NA,NA,21,3,6,"Mesocyclops? ",2,37.3,"Cyclopoid","Mesocyclops","leuckarti","(Claus)",1857,"CVI","female","present",985,"",34.4,NA,72.4,10,38,NA,NA
7,"2025-07-21","Siecino","surface","2025-07-22",21,NA,NA,21,3,6,"Cyclopoid with eggs",4,32.4,"Cyclopoid","Mesocyclops","leuckarti","(Claus)",1857,"CVI","female","present",1010,"",34.4,NA,72.4,10,38,NA,NA
7,"2025-07-21","Siecino","surface","2025-07-22",21,NA,NA,21,3,6,"Thermocyclops",5,35.8,"Cyclopoid","","sp.",NA,NA,"","","absent",NA,"No specimen in the vial!",NA,NA,NA,NA,NA,NA,NA
7,"2025-07-21","Siecino","surface","2025-07-22",21,NA,NA,21,3,6,"Thermocyclops; dead after assay; with parasites",6,36.9,"Cyclopoid","Thermocyclops","oithonoides","(Sars G.O.)",1863,"CVI","female","present",720,"Two adult specimens of T. oithonoides, both with eggs, in the vial. One of them may be from experiment ""0705""?",33.1,2080,67,NA,33.9,NA,NA
7,"2025-07-21","Siecino","surface","2025-07-22",21,NA,NA,21,3,6,"Thermocyclops",7,37.4,"Cyclopoid","Mesocyclops","leuckarti","(Claus)",1857,"CVI","female","absent",905,"",34.4,NA,72.4,10,38,NA,NA
7,"2025-07-21","Siecino","surface","2025-07-22",21,NA,NA,21,3,6,"Mesocyclops? ",8,37.2,"Cyclopoid","Mesocyclops","leuckarti","(Claus)",1857,"CVI","female","present",915,"",34.4,NA,72.4,10,38,NA,NA
7,"2025-07-21","Siecino","surface","2025-07-22",21,NA,NA,21,3,6,"Calanoid (Eury)",9,30.9,"Calanoid","Eurytemora","lacustris","(Poppe)",1887,"CVI","female","absent",1382.7,"",NA,NA,NA,NA,NA,NA,0.8908286187
7,"2025-07-21","Siecino","surface","2025-07-22",21,NA,NA,21,3,6,"Calanoid (Eury)",10,29.1,"Calanoid","Eurytemora","lacustris","(Poppe)",1887,"CVI","female","absent",1395,"",NA,NA,NA,NA,NA,NA,0.8908286187
7,"2025-07-21","Siecino","surface","2025-07-22",21,NA,NA,21,3,6,"Cyclopoid; lost",11,37.4,"Cyclopoid","","sp.",NA,NA,"","","absent",NA,"""specimen lost"" - see excel file with original IDs",NA,NA,NA,NA,NA,NA,NA
7,"2025-07-21","Siecino","surface","2025-07-22",21,NA,NA,21,3,6,"Calanoid (diapt)",12,37.1,"Calanoid","Eudiaptomus","sp.",NA,NA,"CV","female","absent",1037.6,"",NA,NA,NA,NA,NA,NA,NA
9,"2025-07-21","Siecino","metalimnion","2025-07-22",10,NA,NA,10,3,6,"Drawsko - cyclopoid",1,25.9,"Cyclopoid","Cyclops","scutifer","(Sars G.O.)",1863,"CVI","female","present",1200,"",41.5,268,81.8,156,40.3,112,NA
9,"2025-07-22","Drawsko","metalimnion","2025-07-22",10,NA,NA,10,3,6,"Sicieno - calanoid",2,34.6,"Calanoid","Eudiaptomus","gracilis","(Sars G.O.)",1863,"CVI","female","absent",1213.1,"",NA,NA,NA,NA,NA,NA,4.4749244646
9,"2025-07-21","Siecino","metalimnion","2025-07-22",10,NA,NA,10,3,6,"Sicieno - eurytemora",3,28.1,"Calanoid","Eurytemora","lacustris","(Poppe)",1887,"CV","female","absent",1172.1,"",NA,NA,NA,NA,NA,NA,0.8908286187
9,"2025-07-21","Siecino","metalimnion","2025-07-22",10,NA,NA,10,3,6,"Sicieno - eurytemora",5,29.9,"Calanoid","Eurytemora","lacustris","(Poppe)",1887,"CV","female","absent",1186.3,"",NA,NA,NA,NA,NA,NA,0.8908286187
9,"2025-07-22","Drawsko","metalimnion","2025-07-22",10,NA,NA,10,3,6,"Drawsko - cyclops",6,28.9,"Cyclopoid","Cyclops","scutifer","(Sars G.O.)",1863,"CVI","female","present",1245,"",41.5,268,81.8,156,40.3,112,NA
9,"2025-07-22","Drawsko","metalimnion","2025-07-22",10,NA,NA,10,3,6,"Drawsko - cyclops",7,29.8,"Cyclopoid","Cyclops","scutifer","(Sars G.O.)",1863,"CVI","female","present",1185,"",41.5,268,81.8,156,40.3,112,NA
9,"2025-07-22","Drawsko","metalimnion","2025-07-22",10,NA,NA,10,3,6,"Drawsko - calanoid",8,32.1,"Calanoid","Eudiaptomus","graciloides","(Lilljeborg)",1888,"CVI","female","present",1128.5,"",NA,NA,NA,NA,NA,NA,3.54719687718
9,"2025-07-22","Drawsko","metalimnion","2025-07-22",10,NA,NA,10,3,6,"Drawsko - calanoid",9,34.7,"Calanoid","Eudiaptomus","graciloides","(Lilljeborg)",1888,"CVI","female","present",1177.2,"",NA,NA,NA,NA,NA,NA,3.54719687718
9,"2025-07-22","Drawsko","metalimnion","2025-07-22",10,NA,NA,10,3,6,"Drawsko - cyclops",10,29.6,"Cyclopoid","Cyclops","scutifer","(Sars G.O.)",1863,"CVI","female","present",1285,"",41.5,268,81.8,156,40.3,112,NA
9,"2025-07-22","Drawsko","metalimnion","2025-07-22",10,NA,NA,10,3,6,"Drawsko - calanoid",11,34.7,"Calanoid","Eudiaptomus","graciloides","(Lilljeborg)",1888,"CVI","female","present",1143.9,"",NA,NA,NA,NA,NA,NA,3.54719687718
9,"2025-07-21","Siecino","metalimnion","2025-07-22",10,NA,NA,10,3,6,"Sicieno - cyclops",12,30,"Cyclopoid","Cyclops","scutifer","(Sars G.O.)",1863,"CVI","female","absent",1240,"",41.5,268,81.8,156,40.3,112,NA
11,"2025-07-23","Insko","littoral","2025-07-23",21,NA,NA,21,4,3,"mesocyclops?",1,35.9,"Cyclopoid","Mesocyclops","leuckarti","(Claus)",1857,"CVI","female","absent",1165,"",34.4,NA,72.4,10,38,NA,NA
11,"2025-07-23","Insko","littoral","2025-07-23",21,NA,NA,21,4,3,"cyclopoid",2,37.7,"Cyclopoid","Eucyclops","speratus","(Lilljeborg)",1901,"CVI","female","present",1275,"",36.6,NA,70.6,256,34,NA,NA
11,"2025-07-23","Insko","littoral","2025-07-23",21,NA,NA,21,4,3,"cyclopoid",3,36.2,"Cyclopoid","Eucyclops","speratus","(Lilljeborg)",1901,"CVI","female","present",1290,"",36.6,NA,70.6,256,34,NA,NA
11,"2025-07-23","Insko","littoral","2025-07-23",21,NA,NA,21,4,3,"mesocyclops",4,37.3,"Cyclopoid","Eucyclops","speratus","(Lilljeborg)",1901,"CVI","female","present",1290,"egg sac detached  from the body, in the vial",36.6,NA,70.6,256,34,NA,NA
11,"2025-07-23","Insko","littoral","2025-07-23",21,NA,NA,21,4,3,"eucyclops?",5,36.9,"Cyclopoid","Eucyclops","speratus","(Lilljeborg)",1901,"CVI","female","absent",1185,"",36.6,NA,70.6,256,34,NA,NA
11,"2025-07-23","Insko","littoral","2025-07-23",21,NA,NA,21,4,3,"megacyclops",6,32.9,"Cyclopoid","Megacyclops","viridis","(Jurine)",1820,"CVI","female","absent",1820,"",33.4,1864,72.4,12,39,1852,NA
11,"2025-07-23","Insko","littoral","2025-07-23",21,NA,NA,21,4,3,"mesocyclops",7,35.8,"Cyclopoid","Mesocyclops","leuckarti","(Claus)",1857,"CVI","female","present",1085,"one egg sac only,  detached from the body",34.4,NA,72.4,10,38,NA,NA
11,"2025-07-23","Insko","littoral","2025-07-23",21,NA,NA,21,4,3,"macrocyclops",8,36.6,"Cyclopoid","Macrocyclops","albidus","(Jurine)",1820,"CVI","female","absent",1805,"",0,1523,72.4,12,72.4,1511,NA
11,"2025-07-23","Insko","littoral","2025-07-23",21,NA,NA,21,4,3,"eucyclops",9,37.6,"Cyclopoid","Eucyclops","speratus","(Lilljeborg)",1901,"CVI","female","present",1370,"",36.6,NA,70.6,256,34,NA,NA
11,"2025-07-23","Insko","littoral","2025-07-23",21,NA,NA,21,4,3,"eucyclops",10,36.8,"Cyclopoid","Eucyclops","speratus","(Lilljeborg)",1901,"CVI","female","present",1355,"",36.6,NA,70.6,256,34,NA,NA
11,"2025-07-23","Insko","littoral","2025-07-23",21,NA,NA,21,4,3,"eucyclops",11,34.5,"Cyclopoid","Eucyclops","macruroides","(Lilljeborg)",1901,"CVI","female","absent",1330,"",34.4,NA,71.5,50,37.1,NA,NA
8,"2025-07-23","Insko","surface","2025-07-23",21.6,"19:30",NA,23.3,2,2,"heterocop",1,32.9,"Calanoid","Heterocope","appendiculata","Sars G.O.",1863,"CVI","female","absent",2411.5,"",NA,NA,NA,NA,NA,NA,5.76802394434091
8,"2025-07-23","Insko","surface","2025-07-23",21.6,"19:30",NA,23.3,2,2,"meso",2,35.8,"Cyclopoid","Mesocyclops","leuckarti","(Claus)",1857,"CVI","female","present",1075,"One Daphnia was also present in the vial.",34.4,NA,72.4,10,38,NA,NA
8,"2025-07-23","Insko","surface","2025-07-23",21.6,"19:30",NA,23.3,2,2,"heterocope",3,33.3,"Calanoid","Heterocope","appendiculata","Sars G.O.",1863,"CVI","female","absent",2171.3,"",NA,NA,NA,NA,NA,NA,5.76802394434091
8,"2025-07-23","Insko","surface","2025-07-23",21.6,"19:30",NA,23.3,2,2,"meso",4,35.5,"Cyclopoid","Mesocyclops","leuckarti","(Claus)",1857,"CVI","female","absent",1105,"",34.4,NA,72.4,10,38,NA,NA
8,"2025-07-23","Insko","surface","2025-07-23",21.6,"19:30",NA,23.3,2,2,"eudiapt",5,34.6,"Calanoid","Eudiaptomus","gracilis","(Sars G.O.)",1863,"CVI","female","absent",1210.2,"",NA,NA,NA,NA,NA,NA,4.4749244646
8,"2025-07-23","Insko","surface","2025-07-23",21.6,"19:30",NA,23.3,2,2,"eudiapt",7,35.1,"Calanoid","Eudiaptomus","gracilis","(Sars G.O.)",1863,"CVI","female","absent",1173.4,"",NA,NA,NA,NA,NA,NA,4.4749244646
8,"2025-07-23","Insko","surface","2025-07-23",21.6,"19:30",NA,23.3,2,2,"calanoida",8,33.8,"Calanoid","Eudiaptomus","gracilis","(Sars G.O.)",1863,"CVI","female","present",1241.2,"",NA,NA,NA,NA,NA,NA,4.4749244646
8,"2025-07-23","Insko","surface","2025-07-23",21.6,"19:30",NA,23.3,2,2,"eudiapt",9,34.6,"Calanoid","Eudiaptomus","gracilis","(Sars G.O.)",1863,"CVI","female","present",1173.2,"",NA,NA,NA,NA,NA,NA,4.4749244646
8,"2025-07-23","Insko","surface","2025-07-23",21.6,"19:30",NA,23.3,2,2,"cyclopoid (only large); the bigger cyclopoid only preserved L.S.",10,36.3,"Cyclopoid","Mesocyclops","leuckarti","(Claus)",1857,"CVI","female","present",1110," few eggs only",34.4,NA,72.4,10,38,NA,NA
8,"2025-07-23","Insko","surface","2025-07-23",21.6,"19:30",NA,23.3,2,2,"eudiapt",11,34.9,"Calanoid","Eudiaptomus","gracilis","(Sars G.O.)",1863,"CVI","female","present",1130.3,"",NA,NA,NA,NA,NA,NA,4.4749244646
8,"2025-07-23","Insko","surface","2025-07-23",21.6,"19:30",NA,23.3,2,2,"eudiapt",12,35.3,"Calanoid","","sp.",NA,NA,"","","absent",NA,"lack of specimen in the tube",NA,NA,NA,NA,NA,NA,NA
10,"2025-07-23","Insko","metalimnion","2025-07-23",10,"20:17",NA,12,3,6,"Calanoid with eggs",1,26.8,"Calanoid","Eurytemora","lacustris","(Poppe)",1887,"CVI","female","present",1388.7,"",NA,NA,NA,NA,NA,NA,0.8908286187
10,"2025-07-23","Insko","metalimnion","2025-07-23",10,"20:17",NA,12,3,6,"Calanoid with eggs",2,26.5,"Calanoid","Eurytemora","lacustris","(Poppe)",1887,"CVI","female","present",1518.8,"",NA,NA,NA,NA,NA,NA,0.8908286187
10,"2025-07-23","Insko","metalimnion","2025-07-23",10,"20:17",NA,12,3,6,"Calanoid",3,26.1,"Calanoid","Eurytemora","lacustris","(Poppe)",1887,"CVI","female","present",1520,"",NA,NA,NA,NA,NA,NA,0.8908286187
10,"2025-07-23","Insko","metalimnion","2025-07-23",10,"20:17",NA,12,3,6,"Mesocyclops",4,35.7,"Cyclopoid","Mesocyclops","leuckarti","(Claus)",1857,"CVI","female","present",1090,"few eggs only",34.4,NA,72.4,10,38,NA,NA
10,"2025-07-23","Insko","metalimnion","2025-07-23",10,"20:17",NA,12,3,6,"Heterocope",6,32.2,"Calanoid","Heterocope","appendiculata","Sars G.O.",1863,"CVI","female","absent",2196.1,"",NA,NA,NA,NA,NA,NA,5.76802394434091
10,"2025-07-23","Insko","metalimnion","2025-07-23",10,"20:17",NA,12,3,6,"Calanoid with eggs",7,33.6,"Calanoid","Eudiaptomus","gracilis","(Sars G.O.)",1863,"CVI","female","present",1149.9,"",NA,NA,NA,NA,NA,NA,4.4749244646
10,"2025-07-23","Insko","metalimnion","2025-07-23",10,"20:17",NA,12,3,6,"Calanoid",8,33.6,"Calanoid","Eudiaptomus","gracilis","(Sars G.O.)",1863,"CVI","female","absent",1190.4,"",NA,NA,NA,NA,NA,NA,4.4749244646
10,"2025-07-23","Insko","metalimnion","2025-07-23",10,"20:17",NA,12,3,6,"Calanoid",9,33.4,"Calanoid","Eudiaptomus","gracilis","(Sars G.O.)",1863,"CVI","female","present",1124,"",NA,NA,NA,NA,NA,NA,4.4749244646
10,"2025-07-23","Insko","metalimnion","2025-07-23",10,"20:17",NA,12,3,6,"Cyclopoid? ",10,29.2,"Cyclopoid","Cyclops","scutifer","(Sars G.O.)",1863,"CVI","female","present",1270,"",41.5,268,81.8,156,40.3,112,NA
10,"2025-07-23","Insko","metalimnion","2025-07-23",10,"20:17",NA,12,3,6,"Calanoid",11,26.3,"Calanoid","Eurytemora","lacustris","(Poppe)",1887,"CVI","female","present",1479.6,"",NA,NA,NA,NA,NA,NA,0.8908286187
10,"2025-07-23","Insko","metalimnion","2025-07-23",10,"20:17",NA,12,3,6,"Calanoid",12,34.1,"Calanoid","Eudiaptomus","gracilis","(Sars G.O.)",1863,"CVI","female","absent",1170.02,"",NA,NA,NA,NA,NA,NA,4.4749244646
12,"2025-07-25","Glebokie","surface","2025-07-25",23.09,"14:41",NA,23.8,2,2,"Eudiaptomus",1,35.1,"Calanoid","Eudiaptomus","graciloides","(Lilljeborg)",1888,"CVI","female","absent",1288.1,"",NA,NA,NA,NA,NA,NA,3.54719687718
12,"2025-07-25","Glebokie","surface","2025-07-25",23.09,"14:41",NA,23.8,2,2,"Eudiaptomus",2,37.8,"Calanoid","Eudiaptomus","gracilis","(Sars G.O.)",1863,"CVI","female","present",1233.9,"",NA,NA,NA,NA,NA,NA,4.4749244646
12,"2025-07-25","Glebokie","surface","2025-07-25",23.09,"14:41",NA,23.8,2,2,"Eudiaptomus",4,38.7,"Calanoid","Eudiaptomus","graciloides","(Lilljeborg)",1888,"CVI","female","absent",1286.6,"",NA,NA,NA,NA,NA,NA,3.54719687718
12,"2025-07-25","Glebokie","surface","2025-07-25",23.09,"14:41",NA,23.8,2,2,"Thermocyclops",5,37.8,"Cyclopoid","Thermocyclops","oithonoides","(Sars G.O.)",1863,"CVI","female","absent",665,"",33.1,2080,67,NA,33.9,NA,NA
12,"2025-07-25","Glebokie","surface","2025-07-25",23.09,"14:41",NA,23.8,2,2,"Thermocyclops",6,38.7,"Cyclopoid","Thermocyclops","oithonoides","(Sars G.O.)",1863,"CVI","female","present",710,"",33.1,2080,67,NA,33.9,NA,NA
12,"2025-07-25","Glebokie","surface","2025-07-25",23.09,"14:41",NA,23.8,2,2,"Eudiaptomus",7,37.9,"Calanoid","Eudiaptomus","graciloides","(Lilljeborg)",1888,"CVI","female","present",1259,"",NA,NA,NA,NA,NA,NA,3.54719687718
12,"2025-07-25","Glebokie","surface","2025-07-25",23.09,"14:41",NA,23.8,2,2,"Thermocyclops",8,38.7,"Cyclopoid","Thermocyclops","oithonoides","(Sars G.O.)",1863,"CVI","female","absent",650,"",33.1,2080,67,NA,33.9,NA,NA
12,"2025-07-25","Glebokie","surface","2025-07-25",23.09,"14:41",NA,23.8,2,2,"Thermocyclops",9,37.3,"Cyclopoid","Thermocyclops","oithonoides","(Sars G.O.)",1863,"CVI","female","present",655,"",33.1,2080,67,NA,33.9,NA,NA
12,"2025-07-25","Glebokie","surface","2025-07-25",23.09,"14:41",NA,23.8,2,2,"Eudiaptomus",10,38.2,"Calanoid","Eudiaptomus","graciloides","(Lilljeborg)",1888,"CVI","female","present",1361.5,"",NA,NA,NA,NA,NA,NA,3.54719687718
12,"2025-07-25","Glebokie","surface","2025-07-25",23.09,"14:41",NA,23.8,2,2,"Thermocyclops",11,35.2,"Cyclopoid","Thermocyclops","oithonoides","(Sars G.O.)",1863,"CVI","female","absent",720,"Urosome was lost after the measuring.",33.1,2080,67,NA,33.9,NA,NA
12,"2025-07-25","Glebokie","surface","2025-07-25",23.09,"14:41",NA,23.8,2,2,"Eudiaptomus",12,38.6,"Calanoid","Eudiaptomus","gracilis","(Sars G.O.)",1863,"CVI","female","present",1302.2,"",NA,NA,NA,NA,NA,NA,4.4749244646
13,"2025-07-25","Glebokie","littoral","2025-07-25",23.09,"13:40",NA,23.3,4,3,"Eucyclops",1,37.3,"Cyclopoid","Eucyclops","speratus","(Lilljeborg)",1901,"CVI","female","present",1230,"",36.6,NA,70.6,256,34,NA,NA
13,"2025-07-25","Glebokie","littoral","2025-07-25",23.09,"13:40",NA,23.3,4,3,"Macrocyclops",2,35.9,"Cyclopoid","Macrocyclops","albidus","(Jurine)",1820,"CVI","female","present",1750,"",0,1523,72.4,12,72.4,1511,NA
13,"2025-07-25","Glebokie","littoral","2025-07-25",23.09,"13:40",NA,23.3,4,3,"Ergasilid",3,33.1,"Cyclopoid","ergasilid","sp.",NA,NA,"CV","male","absent",950,"Maxillipeds are present (absent in female in the Ergasilidae)",NA,NA,NA,NA,NA,NA,NA
13,"2025-07-25","Glebokie","littoral","2025-07-25",23.09,"13:40",NA,23.3,4,3,"Macrocyclops",4,36.6,"Cyclopoid","Macrocyclops","albidus","(Jurine)",1820,"CVI","female","present",1740,"",0,1523,72.4,12,72.4,1511,NA
13,"2025-07-25","Glebokie","littoral","2025-07-25",23.09,"13:40",NA,23.3,4,3,"Eucyclops",6,37.2,"Cyclopoid","Eucyclops","speratus","(Lilljeborg)",1901,"CVI","female","present",1330,"",36.6,NA,70.6,256,34,NA,NA
13,"2025-07-25","Glebokie","littoral","2025-07-25",23.09,"13:40",NA,23.3,4,3,"Macrocyclops",7,36.4,"Cyclopoid","Macrocyclops","albidus","(Jurine)",1820,"CVI","female","present",1560,"",0,1523,72.4,12,72.4,1511,NA
13,"2025-07-25","Glebokie","littoral","2025-07-25",23.09,"13:40",NA,23.3,4,3,"Diaptomid",8,36.3,"Calanoid","Eudiaptomus","graciloides","(Lilljeborg)",1888,"CVI","female","present",1260.9,"",NA,NA,NA,NA,NA,NA,3.54719687718
13,"2025-07-25","Glebokie","littoral","2025-07-25",23.09,"13:40",NA,23.3,4,3,"Diaptomid",9,34.4,"Calanoid","Eudiaptomus","graciloides","(Lilljeborg)",1888,"CVI","female","present",1207.6,"",NA,NA,NA,NA,NA,NA,3.54719687718
13,"2025-07-25","Glebokie","littoral","2025-07-25",23.09,"13:40",NA,23.3,4,3,"Macrocyclops",10,37.1,"Cyclopoid","Macrocyclops","albidus","(Jurine)",1820,"CVI","female","present",1610,"",0,1523,72.4,12,72.4,1511,NA
13,"2025-07-25","Glebokie","littoral","2025-07-25",23.09,"13:40",NA,23.3,4,3,"Macrocyclops",11,36.5,"Cyclopoid","Macrocyclops","albidus","(Jurine)",1820,"CVI","female","present",1750,"",0,1523,72.4,12,72.4,1511,NA
13,"2025-07-25","Glebokie","littoral","2025-07-25",23.09,"13:40",NA,23.3,4,3,"Diaptomid",12,36.5,"Calanoid","Eudiaptomus","gracilis","(Sars G.O.)",1863,"CVI","female","present",1249,"",NA,NA,NA,NA,NA,NA,4.4749244646
14,"2025-07-25","Glebokie","surface","2025-07-25",23.09,"16:05",NA,24,3,6,"Mesocyclops",1,36.9,"Cyclopoid","Mesocyclops","leuckarti","(Claus)",1857,"CVI","female","present",980,"",34.4,NA,72.4,10,38,NA,NA
14,"2025-07-25","Glebokie","surface","2025-07-25",23.09,"16:05",NA,24,3,6,"Diaptomid",2,35.2,"Calanoid","Eudiaptomus","gracilis","(Sars G.O.)",1863,"CVI","female","absent",1256,"",NA,NA,NA,NA,NA,NA,4.4749244646
14,"2025-07-25","Glebokie","surface","2025-07-25",23.09,"16:05",NA,24,3,6,"Mesocyclops",3,37.6,"Cyclopoid","Mesocyclops","leuckarti","(Claus)",1857,"CVI","female","present",930,"Few eggs",34.4,NA,72.4,10,38,NA,NA
14,"2025-07-25","Glebokie","surface","2025-07-25",23.09,"16:05",NA,24,3,6,"Diaptomid",5,35.3,"Calanoid","Eudiaptomus","gracilis","(Sars G.O.)",1863,"CVI","female","present",1306,"",NA,NA,NA,NA,NA,NA,4.4749244646
14,"2025-07-25","Glebokie","surface","2025-07-25",23.09,"16:05",NA,24,3,6,"Mesocyclops",6,36.7,"Cyclopoid","Mesocyclops","leuckarti","(Claus)",1857,"CVI","female","absent",945,"",34.4,NA,72.4,10,38,NA,NA
14,"2025-07-25","Glebokie","surface","2025-07-25",23.09,"16:05",NA,24,3,6,"Thermocyclops (not oithonoides)",7,35.1,"Cyclopoid","Thermocyclops","oithonoides","(Sars G.O.)",1863,"CVI","female","present",705,"",33.1,2080,67,NA,33.9,NA,NA
14,"2025-07-25","Glebokie","surface","2025-07-25",23.09,"16:05",NA,24,3,6,"Thermocyclops (not oithonoides)",8,34.1,"Cyclopoid","Thermocyclops","oithonoides","(Sars G.O.)",1863,"CVI","female","present",665,"Few eggs",33.1,2080,67,NA,33.9,NA,NA
14,"2025-07-25","Glebokie","surface","2025-07-25",23.09,"16:05",NA,24,3,6,"Diaptomid",9,36.3,"Calanoid","Eudiaptomus","graciloides","(Lilljeborg)",1888,"CVI","female","present",1218.3,"",NA,NA,NA,NA,NA,NA,3.54719687718
14,"2025-07-25","Glebokie","surface","2025-07-25",23.09,"16:05",NA,24,3,6,"Thermocyclops (not oithonoides)",10,34.4,"Cyclopoid","Thermocyclops","oithonoides","(Sars G.O.)",1863,"CVI","female","absent",715,"",33.1,2080,67,NA,33.9,NA,NA
14,"2025-07-25","Glebokie","surface","2025-07-25",23.09,"16:05",NA,24,3,6,"Mesocyclops",11,36.7,"Cyclopoid","Mesocyclops","leuckarti","(Claus)",1857,"CVI","female","present",980,"",34.4,NA,72.4,10,38,NA,NA
14,"2025-07-25","Glebokie","surface","2025-07-25",23.09,"16:05",NA,24,3,6,"Diaptomid",12,37.1,"Calanoid","Eudiaptomus","graciloides","(Lilljeborg)",1888,"CVI","female","present",1218,"",NA,NA,NA,NA,NA,NA,3.54719687718
16,"2025-07-25","Glebokie","surface","2025-07-25",23.09,"18:30",NA,23.1,3,6,"Cyclopoid",1,37.2,"Cyclopoid","Mesocyclops","leuckarti","(Claus)",1857,"CVI","female","absent",885,"",34.4,NA,72.4,10,38,NA,NA
16,"2025-07-25","Glebokie","surface","2025-07-25",23.09,"18:30",NA,23.1,3,6,"Diaptomid",2,35.4,"Calanoid","Eudiaptomus","graciloides","(Lilljeborg)",1888,"CVI","female","present",1287,"",NA,NA,NA,NA,NA,NA,3.54719687718
16,"2025-07-25","Glebokie","surface","2025-07-25",23.09,"18:30",NA,23.1,3,6,"Diaptomid",3,36.5,"Calanoid","","sp.",NA,NA,"","","absent",NA,"lack of specimen in the tube",NA,NA,NA,NA,NA,NA,NA
16,"2025-07-25","Glebokie","surface","2025-07-25",23.09,"18:30",NA,23.1,3,6,"Cyclopoid",4,36.3,"Cyclopoid","Mesocyclops","leuckarti","(Claus)",1857,"CVI","female","present",910,"",34.4,NA,72.4,10,38,NA,NA
16,"2025-07-25","Glebokie","surface","2025-07-25",23.09,"18:30",NA,23.1,3,6,"Diaptomid",5,35.9,"Calanoid","Eudiaptomus","graciloides","(Lilljeborg)",1888,"CVI","female","present",1232.4,"",NA,NA,NA,NA,NA,NA,3.54719687718
16,"2025-07-25","Glebokie","surface","2025-07-25",23.09,"18:30",NA,23.1,3,6,"Diaptomid",7,35.2,"Calanoid","Eudiaptomus","graciloides","(Lilljeborg)",1888,"CVI","female","absent",1294.1,"",NA,NA,NA,NA,NA,NA,3.54719687718
16,"2025-07-25","Glebokie","surface","2025-07-25",23.09,"18:30",NA,23.1,3,6,"Cyclopoid",8,36.9,"Cyclopoid","Mesocyclops","leuckarti","(Claus)",1857,"CVI","female","absent",940,"",34.4,NA,72.4,10,38,NA,NA
16,"2025-07-25","Glebokie","surface","2025-07-25",23.09,"18:30",NA,23.1,3,6,"Diaptomid",9,36.7,"Calanoid","Eudiaptomus","graciloides","(Lilljeborg)",1888,"CVI","female","present",1051.7,"",NA,NA,NA,NA,NA,NA,3.54719687718
16,"2025-07-25","Glebokie","surface","2025-07-25",23.09,"18:30",NA,23.1,3,6,"Cyclopoid",10,37.4,"Cyclopoid","Mesocyclops","leuckarti","(Claus)",1857,"CVI","female","present",905,"",34.4,NA,72.4,10,38,NA,NA
16,"2025-07-25","Glebokie","surface","2025-07-25",23.09,"18:30",NA,23.1,3,6,"Diaptomid",11,35.1,"Calanoid","Eudiaptomus","graciloides","(Lilljeborg)",1888,"CVI","female","absent",1192,"",NA,NA,NA,NA,NA,NA,3.54719687718
16,"2025-07-25","Glebokie","surface","2025-07-25",23.09,"18:30",NA,23.1,3,6,"Cyclopoid",12,38.3,"Cyclopoid","Thermocyclops","crassus","(Fischer)",1853,"CVI","female","absent",955,"",0.3,458,71.6,26,71.3,432,NA
15,"2025-07-25","Glebokie","littoral","2025-07-25",23.09,"17:51",NA,23.9,4,3,"Macrocyclops albidus",1,37,"Cyclopoid","Macrocyclops","albidus","(Jurine)",1820,"CVI","female","present",1690,"",0,1523,72.4,12,72.4,1511,NA
15,"2025-07-25","Glebokie","littoral","2025-07-25",23.09,"17:51",NA,23.9,4,3,"Eucyclops",2,36.8,"Cyclopoid","Eucyclops","speratus","(Lilljeborg)",1901,"CVI","female","present",1340,"",36.6,NA,70.6,256,34,NA,NA
15,"2025-07-25","Glebokie","littoral","2025-07-25",23.09,"17:51",NA,23.9,4,3,"Eucyclops",3,36.9,"Cyclopoid","Eucyclops","speratus","(Lilljeborg)",1901,"CVI","female","present",1280,"",36.6,NA,70.6,256,34,NA,NA
15,"2025-07-25","Glebokie","littoral","2025-07-25",23.09,"17:51",NA,23.9,4,3,"Eucyclops",4,38.2,"Cyclopoid","Eucyclops","speratus","(Lilljeborg)",1901,"CVI","female","present",1325,"",36.6,NA,70.6,256,34,NA,NA
15,"2025-07-25","Glebokie","littoral","2025-07-25",23.09,"17:51",NA,23.9,4,3,"Diaptomid",5,36.5,"Calanoid","Eudiaptomus","graciloides","(Lilljeborg)",1888,"CVI","female","present",1348.4,"",NA,NA,NA,NA,NA,NA,3.54719687718
15,"2025-07-25","Glebokie","littoral","2025-07-25",23.09,"17:51",NA,23.9,4,3,"Diaptomid",6,37.3,"Calanoid","Eudiaptomus","graciloides","(Lilljeborg)",1888,"CVI","female","present",1359.5,"",NA,NA,NA,NA,NA,NA,3.54719687718
15,"2025-07-25","Glebokie","littoral","2025-07-25",23.09,"17:51",NA,23.9,4,3,"Diaptomid",7,34.1,"Calanoid","Eudiaptomus","graciloides","(Lilljeborg)",1888,"CVI","female","present",1189.64,"",NA,NA,NA,NA,NA,NA,3.54719687718
15,"2025-07-25","Glebokie","littoral","2025-07-25",23.09,"17:51",NA,23.9,4,3,"Thermocyclops",8,39.2,"Cyclopoid","Thermocyclops","crassus","(Fischer)",1853,"CVI","female","present",955,"",0.3,458,71.6,26,71.3,432,NA
15,"2025-07-25","Glebokie","littoral","2025-07-25",23.09,"17:51",NA,23.9,4,3,"Thermocyclops",9,39.3,"Cyclopoid","Thermocyclops","crassus","(Fischer)",1853,"CVI","female","present",920,"",0.3,458,71.6,26,71.3,432,NA
15,"2025-07-25","Glebokie","littoral","2025-07-25",23.09,"17:51",NA,23.9,4,3,"Macrocyclops albidus",10,36.7,"Cyclopoid","Macrocyclops","albidus","(Jurine)",1820,"CVI","female","present",1700,"",0,1523,72.4,12,72.4,1511,NA
15,"2025-07-25","Glebokie","littoral","2025-07-25",23.09,"17:51",NA,23.9,4,3,"Mesocyclops",12,36.6,"Cyclopoid","Mesocyclops","leuckarti","(Claus)",1857,"CVI","female","present",935,"Few eggs",34.4,NA,72.4,10,38,NA,NA
17,"2025-07-25","Glebokie","littoral","2025-07-25",23.09,"19:19",NA,23.2,2,2,"Eucyclops",1,38.4,"Cyclopoid","Eucyclops","speratus","(Lilljeborg)",1901,"CVI","female","present",1290,"",36.6,NA,70.6,256,34,NA,NA
17,"2025-07-25","Glebokie","littoral","2025-07-25",23.09,"19:19",NA,23.2,2,2,"Eucyclops",2,39.1,"Cyclopoid","Eucyclops","speratus","(Lilljeborg)",1901,"CVI","female","present",1250,"One egg sac",36.6,NA,70.6,256,34,NA,NA
17,"2025-07-25","Glebokie","littoral","2025-07-25",23.09,"19:19",NA,23.2,2,2,"Eucyclops",3,37.4,"Cyclopoid","Eucyclops","speratus","(Lilljeborg)",1901,"CVI","female","present",1330,"",36.6,NA,70.6,256,34,NA,NA
17,"2025-07-25","Glebokie","littoral","2025-07-25",23.09,"19:19",NA,23.2,2,2,"Diaptomid",4,37.4,"Calanoid","Eudiaptomus","gracilis","(Sars G.O.)",1863,"CVI","female","present",1303.8,"",NA,NA,NA,NA,NA,NA,4.4749244646
17,"2025-07-25","Glebokie","littoral","2025-07-25",23.09,"19:19",NA,23.2,2,2,"Mega",5,36.9,"Cyclopoid","Megacyclops","viridis","(Jurine)",1820,"CVI","female","present",1835,"One egg sac",33.4,1864,72.4,12,39,1852,NA
17,"2025-07-25","Glebokie","littoral","2025-07-25",23.09,"19:19",NA,23.2,2,2,"Diaptomid",6,32,"Calanoid","Eudiaptomus","gracilis","(Sars G.O.)",1863,"CVI","female","present",1260.3,"",NA,NA,NA,NA,NA,NA,4.4749244646
17,"2025-07-25","Glebokie","littoral","2025-07-25",23.09,"19:19",NA,23.2,2,2,"Diaptomid",7,37.6,"Calanoid","Eudiaptomus","graciloides","(Lilljeborg)",1888,"CVI","female","present",1240,"",NA,NA,NA,NA,NA,NA,3.54719687718
17,"2025-07-25","Glebokie","littoral","2025-07-25",23.09,"19:19",NA,23.2,2,2,"Macro littor",9,36.2,"Cyclopoid","Macrocyclops","albidus","(Jurine)",1820,"CVI","female","present",1630,"",0,1523,72.4,12,72.4,1511,NA
17,"2025-07-25","Glebokie","littoral","2025-07-25",23.09,"19:19",NA,23.2,2,2,"Macro littor",10,36.8,"Cyclopoid","Macrocyclops","albidus","(Jurine)",1820,"CVI","female","present",1765,"",0,1523,72.4,12,72.4,1511,NA
17,"2025-07-25","Glebokie","littoral","2025-07-25",23.09,"19:19",NA,23.2,2,2,"Macro littor",11,37.6,"Cyclopoid","Macrocyclops","albidus","(Jurine)",1820,"CVI","female","present",1790,"",0,1523,72.4,12,72.4,1511,NA
18,"2025-07-26","Odra","surface","2025-07-26",22.4,"11:30",NA,21.3,3,6,"Diaptomid",2,33.9,"Calanoid","Eudiaptomus","gracilis","(Sars G.O.)",1863,"CVI","female","absent",1277,"",NA,NA,NA,NA,NA,NA,4.4749244646
18,"2025-07-26","Odra","surface","2025-07-26",22.4,"11:30",NA,21.3,3,6,"Cyclopoid",3,35.1,"Cyclopoid","Acanthocyclops","trajani","Mirabdullayev & Defaye",2002,"CVI","female","absent",1300,"with spermatophores",19.5,2601,62,146,42.5,2455,NA
18,"2025-07-26","Odra","surface","2025-07-26",22.4,"11:30",NA,21.3,3,6,"Acanthocyclops",4,39.6,"Cyclopoid","Acanthocyclops","trajani","Mirabdullayev & Defaye",2002,"CVI","female","absent",1455,"",19.5,2601,62,146,42.5,2455,NA
18,"2025-07-26","Odra","surface","2025-07-26",22.4,"11:30",NA,21.3,3,6,"Diaptomid",5,36.1,"Calanoid","Eudiaptomus","gracilis","(Sars G.O.)",1863,"CVI","female","absent",1205,"",NA,NA,NA,NA,NA,NA,4.4749244646
18,"2025-07-26","Odra","surface","2025-07-26",22.4,"11:30",NA,21.3,3,6,"Mesocyclops",6,37.3,"Cyclopoid","Mesocyclops","leuckarti","(Claus)",1857,"CVI","female","present",930,"",34.4,NA,72.4,10,38,NA,NA
18,"2025-07-26","Odra","surface","2025-07-26",22.4,"11:30",NA,21.3,3,6,"Cyclopoid",7,37.5,"Cyclopoid","Mesocyclops","leuckarti","(Claus)",1857,"CVI","female","present",1105,"single egg!",34.4,NA,72.4,10,38,NA,NA
18,"2025-07-26","Odra","surface","2025-07-26",22.4,"11:30",NA,21.3,3,6,"Eurytemora",8,33.6,"Calanoid","Eurytemora","velox","(Lilljeborg)",1853,"CVI","female","present",1606,"",NA,NA,NA,NA,NA,NA,2.13033876045385
18,"2025-07-26","Odra","surface","2025-07-26",22.4,"11:30",NA,21.3,3,6,"Cyclopoid",9,37.9,"Cyclopoid","Mesocyclops","leuckarti","(Claus)",1857,"CVI","female","present",1140,"few eggs",34.4,NA,72.4,10,38,NA,NA
18,"2025-07-26","Odra","surface","2025-07-26",22.4,"11:30",NA,21.3,3,6,"Eurytemora",10,33.6,"Calanoid","Eurytemora","velox","(Lilljeborg)",1853,"CVI","female","present",1562,"",NA,NA,NA,NA,NA,NA,2.13033876045385
18,"2025-07-26","Odra","surface","2025-07-26",22.4,"11:30",NA,21.3,3,6,"Eurytemora",11,33.7,"Calanoid","Eurytemora","velox","(Lilljeborg)",1853,"CVI","female","present",1493,"",NA,NA,NA,NA,NA,NA,2.13033876045385
18,"2025-07-26","Odra","surface","2025-07-26",22.4,"11:30",NA,21.3,3,6,"Acanthocyclops",12,38.7,"Cyclopoid","Acanthocyclops","trajani","Mirabdullayev & Defaye",2002,"CVI","female","absent",1310,"P4 with abnormal morphology; spermatophores present",19.5,2601,62,146,42.5,2455,NA
19,"2025-07-26","Odra","surface","2025-07-26",22.4,"12:55",NA,23.6,2,2,"Acanthocyclops",1,39.2,"Cyclopoid","Acanthocyclops","trajani","Mirabdullayev & Defaye",2002,"CVI","female","present",1325,"with two eggs only",19.5,2601,62,146,42.5,2455,NA
19,"2025-07-26","Odra","surface","2025-07-26",22.4,"12:55",NA,23.6,2,2,"Eurytemora",2,35.5,"Calanoid","Eurytemora","carolleeae","Alekseev & Souissi",2011,"CVI","female","present",1377,"",NA,NA,NA,NA,NA,NA,0.960496340571429
19,"2025-07-26","Odra","surface","2025-07-26",22.4,"12:55",NA,23.6,2,2,"Mesocyclops",3,37.4,"Cyclopoid","Mesocyclops","leuckarti","(Claus)",1857,"CVI","female","present",935,"",34.4,NA,72.4,10,38,NA,NA
19,"2025-07-26","Odra","surface","2025-07-26",22.4,"12:55",NA,23.6,2,2,"Eurytemora",4,33.8,"Calanoid","Eurytemora","velox","(Lilljeborg)",1853,"CVI","female","present",1459,"",NA,NA,NA,NA,NA,NA,2.13033876045385
19,"2025-07-26","Odra","surface","2025-07-26",22.4,"12:55",NA,23.6,2,2,"Mesocyclops",5,38.2,"Cyclopoid","Mesocyclops","leuckarti","(Claus)",1857,"CVI","female","present",1110,"",34.4,NA,72.4,10,38,NA,NA
19,"2025-07-26","Odra","surface","2025-07-26",22.4,"12:55",NA,23.6,2,2,"Eurytemora",6,33.7,"Calanoid","Eurytemora","velox","(Lilljeborg)",1853,"CVI","female","present",1588,"",NA,NA,NA,NA,NA,NA,2.13033876045385
19,"2025-07-26","Odra","surface","2025-07-26",22.4,"12:55",NA,23.6,2,2,"Thermocyclops",7,39.8,"Cyclopoid","Thermocyclops","crassus","(Fischer)",1853,"CVI","female","present",915,"",0.3,458,71.6,26,71.3,432,NA
19,"2025-07-26","Odra","surface","2025-07-26",22.4,"12:55",NA,23.6,2,2,"Thermocyclops",9,34.6,"Cyclopoid","Thermocyclops","oithonoides","(Sars G.O.)",1863,"CVI","female","present",845,"the legs and body with epibiont protozoa",33.1,2080,67,NA,33.9,NA,NA
19,"2025-07-26","Odra","surface","2025-07-26",22.4,"12:55",NA,23.6,2,2,"Thermocyclops",10,34.9,"Cyclopoid","Thermocyclops","oithonoides","(Sars G.O.)",1863,"CVI","female","present",810,"",33.1,2080,67,NA,33.9,NA,NA
19,"2025-07-26","Odra","surface","2025-07-26",22.4,"12:55",NA,23.6,2,2,"Eurytemora",11,33.7,"Calanoid","Eurytemora","velox","(Lilljeborg)",1853,"CVI","female","present",1533,"",NA,NA,NA,NA,NA,NA,2.13033876045385
19,"2025-07-26","Odra","surface","2025-07-26",22.4,"12:55",NA,23.6,2,2,"Acanthocyclops",12,40.2,"Cyclopoid","Acanthocyclops","trajani","Mirabdullayev & Defaye",2002,"CVI","female","present",1280,"",19.5,2601,62,146,42.5,2455,NA
20,"2025-07-26","Odra","surface","2025-07-26",22.4,"12:30",NA,22.9,4,3,"Acanthocyclops",1,40,"Cyclopoid","Acanthocyclops","trajani","Mirabdullayev & Defaye",2002,"CVI","female","present",1325,"few eggs",19.5,2601,62,146,42.5,2455,NA
20,"2025-07-26","Odra","surface","2025-07-26",22.4,"12:30",NA,22.9,4,3,"Diaptomid",2,34.3,"Calanoid","Eudiaptomus","gracilis","(Sars G.O.)",1863,"CVI","female","absent",1255,"",NA,NA,NA,NA,NA,NA,4.4749244646
20,"2025-07-26","Odra","surface","2025-07-26",22.4,"12:30",NA,22.9,4,3,"Mesocyclops",3,37.8,"Cyclopoid","Mesocyclops","leuckarti","(Claus)",1857,"CVI","female","present",955,"",34.4,NA,72.4,10,38,NA,NA
20,"2025-07-26","Odra","surface","2025-07-26",22.4,"12:30",NA,22.9,4,3,"Megacyclops",4,33.6,"Cyclopoid","Megacyclops","viridis","(Jurine)",1820,"CVI","female","present",1825,"",33.4,1864,72.4,12,39,1852,NA
20,"2025-07-26","Odra","surface","2025-07-26",22.4,"12:30",NA,22.9,4,3,"Mesocyclops",5,37,"Cyclopoid","Mesocyclops","leuckarti","(Claus)",1857,"CVI","female","present",930,"",34.4,NA,72.4,10,38,NA,NA
20,"2025-07-26","Odra","surface","2025-07-26",22.4,"12:30",NA,22.9,4,3,"Acanthocyclops",6,39.5,"Cyclopoid","Acanthocyclops","trajani","Mirabdullayev & Defaye",2002,"CVI","female","absent",1210,"",19.5,2601,62,146,42.5,2455,NA
20,"2025-07-26","Odra","surface","2025-07-26",22.4,"12:30",NA,22.9,4,3,"Eurytemora",8,33.2,"Calanoid","Eurytemora","velox","(Lilljeborg)",1853,"CVI","female","present",1600,"",NA,NA,NA,NA,NA,NA,2.13033876045385
20,"2025-07-26","Odra","surface","2025-07-26",22.4,"12:30",NA,22.9,4,3,"Acanthocyclops",9,39.3,"Cyclopoid","Acanthocyclops","trajani","Mirabdullayev & Defaye",2002,"CVI","female","present",1315,"",19.5,2601,62,146,42.5,2455,NA
20,"2025-07-26","Odra","surface","2025-07-26",22.4,"12:30",NA,22.9,4,3,"Mesocyclops",10,36.1,"Cyclopoid","Mesocyclops","leuckarti","(Claus)",1857,"CVI","female","absent",1130,"",34.4,NA,72.4,10,38,NA,NA
20,"2025-07-26","Odra","surface","2025-07-26",22.4,"12:30",NA,22.9,4,3,"Eurytemora",11,33.3,"Calanoid","Eurytemora","velox","(Lilljeborg)",1853,"CVI","female","present",1549,"",NA,NA,NA,NA,NA,NA,2.13033876045385
20,"2025-07-26","Odra","surface","2025-07-26",22.4,"12:30",NA,22.9,4,3,"Eurytemora",12,33.6,"Calanoid","Eurytemora","velox","(Lilljeborg)",1853,"CVI","female","absent",1664,"",NA,NA,NA,NA,NA,NA,2.13033876045385
21,"2025-07-26","Odra","surface","2025-07-26",22.4,"17:37",NA,22.9,2,2,"Eurytemora",1,33.8,"Calanoid","Eurytemora","velox","(Lilljeborg)",1853,"CVI","female","present",1560,"",NA,NA,NA,NA,NA,NA,2.13033876045385
21,"2025-07-26","Odra","surface","2025-07-26",22.4,"17:37",NA,22.9,2,2,"Acanthocyclops",2,39.1,"Cyclopoid","Acanthocyclops","trajani","Mirabdullayev & Defaye",2002,"CVI","female","present",1225,"",19.5,2601,62,146,42.5,2455,NA
21,"2025-07-26","Odra","surface","2025-07-26",22.4,"17:37",NA,22.9,2,2,"Thermocyclops",3,36.4,"Cyclopoid","Thermocyclops","oithonoides","(Sars G.O.)",1863,"CVI","female","present",790,"one egg sac (in the vial!) detached from the body during dissection",33.1,2080,67,NA,33.9,NA,NA
21,"2025-07-26","Odra","surface","2025-07-26",22.4,"17:37",NA,22.9,2,2,"Acanthocyclops",4,38.8,"Cyclopoid","Acanthocyclops","trajani","Mirabdullayev & Defaye",2002,"CVI","female","present",1390,"few eggs",19.5,2601,62,146,42.5,2455,NA
21,"2025-07-26","Odra","surface","2025-07-26",22.4,"17:37",NA,22.9,2,2,"Thermocyclops",5,36.4,"Cyclopoid","Thermocyclops","oithonoides","(Sars G.O.)",1863,"CVI","female","present",800,"",33.1,2080,67,NA,33.9,NA,NA
21,"2025-07-26","Odra","surface","2025-07-26",22.4,"17:37",NA,22.9,2,2,"Eurytemora",6,33.9,"Calanoid","Eurytemora","velox","(Lilljeborg)",1853,"CVI","female","present",1475,"",NA,NA,NA,NA,NA,NA,2.13033876045385
21,"2025-07-26","Odra","surface","2025-07-26",22.4,"17:37",NA,22.9,2,2,"Acanthocyclops",8,39.1,"Cyclopoid","Acanthocyclops","trajani","Mirabdullayev & Defaye",2002,"CVI","female","present",1285,"protozoan epibionts on the body in large numbers",19.5,2601,62,146,42.5,2455,NA
21,"2025-07-26","Odra","surface","2025-07-26",22.4,"17:37",NA,22.9,2,2,"Thermocyclops",9,37.3,"Cyclopoid","Thermocyclops","oithonoides","(Sars G.O.)",1863,"CVI","female","present",815,"",33.1,2080,67,NA,33.9,NA,NA
21,"2025-07-26","Odra","surface","2025-07-26",22.4,"17:37",NA,22.9,2,2,"Eudiaptomus",10,35.5,"Calanoid","Eudiaptomus","gracilis","(Sars G.O.)",1863,"CVI","female","absent",1293,"",NA,NA,NA,NA,NA,NA,4.4749244646
21,"2025-07-26","Odra","surface","2025-07-26",22.4,"17:37",NA,22.9,2,2,"Thermocyclops",11,37.5,"Cyclopoid","Thermocyclops","oithonoides","(Sars G.O.)",1863,"CVI","female","present",805,"",33.1,2080,67,NA,33.9,NA,NA
21,"2025-07-26","Odra","surface","2025-07-26",22.4,"17:37",NA,22.9,2,2,"Eurytemora",12,34.8,"Calanoid","Eurytemora","carolleeae","Alekseev & Souissi",2011,"CVI","female","present",1336,"",NA,NA,NA,NA,NA,NA,0.960496340571429
22,"2025-07-26","Odra","surface","2025-07-26",22.4,"17:37",NA,22.6,3,6,"Thermocyclops",1,37.5,"Cyclopoid","Mesocyclops","leuckarti","(Claus)",1857,"CVI","female","absent",1040,"",34.4,NA,72.4,10,38,NA,NA
22,"2025-07-26","Odra","surface","2025-07-26",22.4,"17:37",NA,22.6,3,6,"Acanthocyclops",2,39.8,"Cyclopoid","Acanthocyclops","trajani","Mirabdullayev & Defaye",2002,"CVI","female","present",1325,"",19.5,2601,62,146,42.5,2455,NA
22,"2025-07-26","Odra","surface","2025-07-26",22.4,"17:37",NA,22.6,3,6,"Eurytemora",3,32.8,"Calanoid","Eurytemora","velox","(Lilljeborg)",1853,"CVI","female","present",1745,"",NA,NA,NA,NA,NA,NA,2.13033876045385
22,"2025-07-26","Odra","surface","2025-07-26",22.4,"17:37",NA,22.6,3,6,"Diaptomid",4,35.5,"Calanoid","Eudiaptomus","gracilis","(Sars G.O.)",1863,"CVI","female","absent",1228,"",NA,NA,NA,NA,NA,NA,4.4749244646
22,"2025-07-26","Odra","surface","2025-07-26",22.4,"17:37",NA,22.6,3,6,"Thermocyclops",5,39.2,"Cyclopoid","Thermocyclops","crassus","(Fischer)",1853,"CVI","female","present",920,"",0.3,458,71.6,26,71.3,432,NA
22,"2025-07-26","Odra","surface","2025-07-26",22.4,"17:37",NA,22.6,3,6,"Eurytemora",6,33.1,"Calanoid","Eurytemora","velox","(Lilljeborg)",1853,"CVI","female","absent",1565,"",NA,NA,NA,NA,NA,NA,2.13033876045385
22,"2025-07-26","Odra","surface","2025-07-26",22.4,"17:37",NA,22.6,3,6,"Acanthocyclops",7,39.7,"Cyclopoid","Acanthocyclops","trajani","Mirabdullayev & Defaye",2002,"CVI","female","present",1345,"Spermatophores are also present",19.5,2601,62,146,42.5,2455,NA
22,"2025-07-26","Odra","surface","2025-07-26",22.4,"17:37",NA,22.6,3,6,"Thermocyclops",8,36.2,"Cyclopoid","Thermocyclops","oithonoides","(Sars G.O.)",1863,"CVI","female","present",765,"One egg sac only",33.1,2080,67,NA,33.9,NA,NA
22,"2025-07-26","Odra","surface","2025-07-26",22.4,"17:37",NA,22.6,3,6,"Diaptomid",9,35.7,"Calanoid","Eudiaptomus","gracilis","(Sars G.O.)",1863,"CVI","female","present",1538,"",NA,NA,NA,NA,NA,NA,4.4749244646
22,"2025-07-26","Odra","surface","2025-07-26",22.4,"17:37",NA,22.6,3,6,"Acanthocyclops",11,39.1,"Cyclopoid","Acanthocyclops","trajani","Mirabdullayev & Defaye",2002,"CVI","female","absent",1410,"Spermatophores are present",19.5,2601,62,146,42.5,2455,NA
22,"2025-07-26","Odra","surface","2025-07-26",22.4,"17:37",NA,22.6,3,6,"Thermocyclops",12,36.8,"Cyclopoid","Thermocyclops","oithonoides","(Sars G.O.)",1863,"CVI","female","absent",820,"",33.1,2080,67,NA,33.9,NA,NA
23,"2025-07-27","Obok Lomota","littoral","2025-07-27",18.4,"12:33",NA,17.4,2,2,"Thermocyclops",1,39.1,"Cyclopoid","Thermocyclops","crassus","(Fischer)",1853,"CVI","female","present",965,"One egg sac only",0.3,458,71.6,26,71.3,432,NA
23,"2025-07-27","Obok Lomota","littoral","2025-07-27",18.4,"12:33",NA,17.4,2,2,"Mesocyclops",2,37.1,"Cyclopoid","Mesocyclops","leuckarti","(Claus)",1857,"CVI","female","present",1245,"",34.4,NA,72.4,10,38,NA,NA
23,"2025-07-27","Obok Lomota","littoral","2025-07-27",18.4,"12:33",NA,17.4,2,2,"Mesocyclops",3,36.6,"Cyclopoid","Mesocyclops","leuckarti","(Claus)",1857,"CVI","female","present",1240,"",34.4,NA,72.4,10,38,NA,NA
23,"2025-07-27","Obok Lomota","littoral","2025-07-27",18.4,"12:33",NA,17.4,2,2,"Eucyclops",4,38,"Cyclopoid","Eucyclops","speratus","(Lilljeborg)",1901,"CVI","female","present",1430,"",36.6,NA,70.6,256,34,NA,NA
23,"2025-07-27","Obok Lomota","littoral","2025-07-27",18.4,"12:33",NA,17.4,2,2,"Thermocyclops",5,38.8,"Cyclopoid","Thermocyclops","crassus","(Fischer)",1853,"CVI","female","present",955,"",0.3,458,71.6,26,71.3,432,NA
23,"2025-07-27","Obok Lomota","littoral","2025-07-27",18.4,"12:33",NA,17.4,2,2,"Eucyclops",6,38.2,"Cyclopoid","Eucyclops","sp. X",NA,NA,"CVI","female","present",1350,"Egg sacs detached from body; in the vial",NA,NA,NA,NA,NA,NA,NA
23,"2025-07-27","Obok Lomota","littoral","2025-07-27",18.4,"12:33",NA,17.4,2,2,"Macrocyclops",7,37.2,"Cyclopoid","Macrocyclops","fuscus","(Jurine)",1820,"CVI","female","present",2070,"",26.5,503,69.3,51,42.8,452,NA
23,"2025-07-27","Obok Lomota","littoral","2025-07-27",18.4,"12:33",NA,17.4,2,2,"Macrocyclops",8,36.2,"Cyclopoid","Macrocyclops","albidus","(Jurine)",1820,"CVI","female","present",1750,"",0,1523,72.4,12,72.4,1511,NA
23,"2025-07-27","Obok Lomota","littoral","2025-07-27",18.4,"12:33",NA,17.4,2,2,"Thermocyclops",9,39.1,"Cyclopoid","Thermocyclops","crassus","(Fischer)",1853,"CVI","female","present",975,"",0.3,458,71.6,26,71.3,432,NA
23,"2025-07-27","Obok Lomota","littoral","2025-07-27",18.4,"12:33",NA,17.4,2,2,"Acanthocyclops",10,37.1,"Cyclopoid","Acanthocyclops","einslei","Mirabdullayev & Defaye",2004,"CVI","female","present",1565,"One egg sac detached (in the vial), other one on the body",36.7,0,60,254,23.3,254,NA
23,"2025-07-27","Obok Lomota","littoral","2025-07-27",18.4,"12:33",NA,17.4,2,2,"Acanthocyclops",12,37.5,"Cyclopoid","Acanthocyclops","einslei","Mirabdullayev & Defaye",2004,"CVI","female","absent",1535,"",36.7,0,60,254,23.3,254,NA
24,"2025-07-27","Obok Lomota","littoral","2025-07-27",18.4,"12:27",NA,18.2,3,6,"Acanthocyclops",1,37.2,"Cyclopoid","Acanthocyclops","einslei","Mirabdullayev & Defaye",2004,"CVI","female","absent",1690,"Spermatophores present; detached from body, in the vial",36.7,0,60,254,23.3,254,NA
24,"2025-07-27","Obok Lomota","littoral","2025-07-27",18.4,"12:27",NA,18.2,3,6,"Macrocyclops (large)",2,37,"Cyclopoid","Macrocyclops","fuscus","(Jurine)",1820,"CVI","female","present",2015,"",26.5,503,69.3,51,42.8,452,NA
24,"2025-07-27","Obok Lomota","littoral","2025-07-27",18.4,"12:27",NA,18.2,3,6,"Thermocyclops",3,37.9,"Cyclopoid","Thermocyclops","crassus","(Fischer)",1853,"CVI","female","absent",990,"",0.3,458,71.6,26,71.3,432,NA
24,"2025-07-27","Obok Lomota","littoral","2025-07-27",18.4,"12:27",NA,18.2,3,6,"Acanthocyclops",4,36.9,"Cyclopoid","Acanthocyclops","einslei","Mirabdullayev & Defaye",2004,"CVI","female","present",1535,"",36.7,0,60,254,23.3,254,NA
24,"2025-07-27","Obok Lomota","littoral","2025-07-27",18.4,"12:27",NA,18.2,3,6,"Macrocyclops",5,36.1,"Cyclopoid","Macrocyclops","albidus","(Jurine)",1820,"CVI","female","present",1755,"",0,1523,72.4,12,72.4,1511,NA
24,"2025-07-27","Obok Lomota","littoral","2025-07-27",18.4,"12:27",NA,18.2,3,6,"Mesocyclops",6,36.8,"Cyclopoid","Mesocyclops","leuckarti","(Claus)",1857,"CVI","female","present",1245,"Few eggs",34.4,NA,72.4,10,38,NA,NA
24,"2025-07-27","Obok Lomota","littoral","2025-07-27",18.4,"12:27",NA,18.2,3,6,"Macrocyclops",7,36.2,"Cyclopoid","Macrocyclops","albidus","(Jurine)",1820,"CVI","female","present",1745,"",0,1523,72.4,12,72.4,1511,NA
24,"2025-07-27","Obok Lomota","littoral","2025-07-27",18.4,"12:27",NA,18.2,3,6,"Thermocyclops",8,37.8,"Cyclopoid","Thermocyclops","crassus","(Fischer)",1853,"CVI","female","present",950,"",0.3,458,71.6,26,71.3,432,NA
24,"2025-07-27","Obok Lomota","littoral","2025-07-27",18.4,"12:27",NA,18.2,3,6,"Acanthocyclops",9,36.8,"Cyclopoid","Acanthocyclops","einslei","Mirabdullayev & Defaye",2004,"CVI","female","present",1605,"One egg sac detached from body",36.7,0,60,254,23.3,254,NA
24,"2025-07-27","Obok Lomota","littoral","2025-07-27",18.4,"12:27",NA,18.2,3,6,"Macrocyclops (large)",11,36.8,"Cyclopoid","Macrocyclops","fuscus","(Jurine)",1820,"CVI","female","present",2060,"",26.5,503,69.3,51,42.8,452,NA
24,"2025-07-27","Obok Lomota","littoral","2025-07-27",18.4,"12:27",NA,18.2,3,6,"Mesocyclops",12,37.1,"Cyclopoid","Mesocyclops","leuckarti","(Claus)",1857,"CVI","female","present",1255,"",34.4,NA,72.4,10,38,NA,NA
25,"2025-07-27","Obok Lomota","littoral","2025-07-27",18.4,"16:06",NA,18.8,3,6,"Macrocyclops",1,36.3,"Cyclopoid","Macrocyclops","albidus","(Jurine)",1820,"CVI","female","present",1715,"egg sac detached from body, in the vial",0,1523,72.4,12,72.4,1511,NA
25,"2025-07-27","Obok Lomota","littoral","2025-07-27",18.4,"16:06",NA,18.8,3,6,"Mesocyclops",2,36.8,"Cyclopoid","Mesocyclops","leuckarti","(Claus)",1857,"CVI","female","present",1235,"few eggs",34.4,NA,72.4,10,38,NA,NA
25,"2025-07-27","Obok Lomota","littoral","2025-07-27",18.4,"16:06",NA,18.8,3,6,"Acanthocyclops",4,37.2,"Cyclopoid","Acanthocyclops","einslei","Mirabdullayev & Defaye",2004,"CVI","female","present",1505,"few eggs",36.7,0,60,254,23.3,254,NA
25,"2025-07-27","Obok Lomota","littoral","2025-07-27",18.4,"16:06",NA,18.8,3,6,"Eucyclops",5,36.9,"Cyclopoid","Eucyclops","speratus","(Lilljeborg)",1901,"CVI","female","present",1380,"",36.6,NA,70.6,256,34,NA,NA
25,"2025-07-27","Obok Lomota","littoral","2025-07-27",18.4,"16:06",NA,18.8,3,6,"Macrocyclops",6,35.7,"Cyclopoid","Macrocyclops","albidus","(Jurine)",1820,"CVI","female","absent",1790,"spermatophores present",0,1523,72.4,12,72.4,1511,NA
25,"2025-07-27","Obok Lomota","littoral","2025-07-27",18.4,"16:06",NA,18.8,3,6,"Acanthocyclops",7,37.1,"Cyclopoid","Acanthocyclops","einslei","Mirabdullayev & Defaye",2004,"CVI","female","present",1415,"one egg sac detached",36.7,0,60,254,23.3,254,NA
25,"2025-07-27","Obok Lomota","littoral","2025-07-27",18.4,"16:06",NA,18.8,3,6,"Macrocyclops (large)",8,37.3,"Cyclopoid","Macrocyclops","fuscus","(Jurine)",1820,"CVI","female","present",2120,"",26.5,503,69.3,51,42.8,452,NA
25,"2025-07-27","Obok Lomota","littoral","2025-07-27",18.4,"16:06",NA,18.8,3,6,"Acanthocyclops",9,36.9,"Cyclopoid","Acanthocyclops","einslei","Mirabdullayev & Defaye",2004,"CVI","female","present",1685,"",36.7,0,60,254,23.3,254,NA
25,"2025-07-27","Obok Lomota","littoral","2025-07-27",18.4,"16:06",NA,18.8,3,6,"Eucyclops",10,38.2,"Cyclopoid","Eucyclops","sp. X",NA,NA,"CVI","female","absent",1465,"",NA,NA,NA,NA,NA,NA,NA
25,"2025-07-27","Obok Lomota","littoral","2025-07-27",18.4,"16:06",NA,18.8,3,6,"Macrocyclops (large)",11,37.2,"Cyclopoid","Macrocyclops","fuscus","(Jurine)",1820,"CVI","female","present",2005,"",26.5,503,69.3,51,42.8,452,NA
25,"2025-07-27","Obok Lomota","littoral","2025-07-27",18.4,"16:06",NA,18.8,3,6,"Eucyclops",12,38.4,"Cyclopoid","Eucyclops","sp. X",NA,NA,"CVI","female","present",1450,"One egg sac detached (in the vial); one egg sac on the body",NA,NA,NA,NA,NA,NA,NA
26,"2025-07-27","Obok Lomota","littoral","2025-07-27",18.4,"16:11",NA,18.4,2,2,"Eucyclops",1,38.6,"Cyclopoid","Eucyclops","speratus","(Lilljeborg)",1901,"CVI","female","present",1515,"",36.6,NA,70.6,256,34,NA,NA
26,"2025-07-27","Obok Lomota","littoral","2025-07-27",18.4,"16:11",NA,18.4,2,2,"Mesocyclops",2,37.3,"Cyclopoid","Mesocyclops","leuckarti","(Claus)",1857,"CVI","female","present",1190,"",34.4,NA,72.4,10,38,NA,NA
26,"2025-07-27","Obok Lomota","littoral","2025-07-27",18.4,"16:11",NA,18.4,2,2,"Macrocyclops",3,38.4,"Cyclopoid","Macrocyclops","fuscus","(Jurine)",1820,"CVI","female","present",2150,"",26.5,503,69.3,51,42.8,452,NA
26,"2025-07-27","Obok Lomota","littoral","2025-07-27",18.4,"16:11",NA,18.4,2,2,"Macrocyclops",4,37.7,"Cyclopoid","Macrocyclops","albidus","(Jurine)",1820,"CVI","female","present",1690,"",0,1523,72.4,12,72.4,1511,NA
26,"2025-07-27","Obok Lomota","littoral","2025-07-27",18.4,"16:11",NA,18.4,2,2,"Eucyclops",5,38.1,"Cyclopoid","Eucyclops","speratus","(Lilljeborg)",1901,"CVI","female","present",1380,"both egg sacs detached from body (in the vial)",36.6,NA,70.6,256,34,NA,NA
26,"2025-07-27","Obok Lomota","littoral","2025-07-27",18.4,"16:11",NA,18.4,2,2,"Macrocyclops",7,37.2,"Cyclopoid","Macrocyclops","fuscus","(Jurine)",1820,"CVI","female","present",2075,"",26.5,503,69.3,51,42.8,452,NA
26,"2025-07-27","Obok Lomota","littoral","2025-07-27",18.4,"16:11",NA,18.4,2,2,"Macrocyclops",8,37.2,"Cyclopoid","Macrocyclops","albidus","(Jurine)",1820,"CVI","female","present",1745,"",0,1523,72.4,12,72.4,1511,NA
26,"2025-07-27","Obok Lomota","littoral","2025-07-27",18.4,"16:11",NA,18.4,2,2,"Acanthocyclops",9,37.3,"Cyclopoid","Acanthocyclops","einslei","Mirabdullayev & Defaye",2004,"CVI","female","present",1515,"",36.7,0,60,254,23.3,254,NA
26,"2025-07-27","Obok Lomota","littoral","2025-07-27",18.4,"16:11",NA,18.4,2,2,"Eucyclops",10,38.6,"Cyclopoid","Eucyclops","speratus","(Lilljeborg)",1901,"CVI","female","present",1355,"",36.6,NA,70.6,256,34,NA,NA
26,"2025-07-27","Obok Lomota","littoral","2025-07-27",18.4,"16:11",NA,18.4,2,2,"Acanthocyclops",11,36.9,"Cyclopoid","Mesocyclops","leuckarti","(Claus)",1857,"CVI","female","present",1200,"",34.4,NA,72.4,10,38,NA,NA
26,"2025-07-27","Obok Lomota","littoral","2025-07-27",18.4,"16:11",NA,18.4,2,2,"Acanthocyclops",12,37.2,"Cyclopoid","Mesocyclops","leuckarti","(Claus)",1857,"CVI","female","present",1230,"",34.4,NA,72.4,10,38,NA,NA
27,"2025-07-28","Przeclaw","littoral","2025-07-28",20.3,"12:54",NA,20,3,6,"Thermocyclops",1,39.1,"Cyclopoid","Thermocyclops","crassus","(Fischer)",1853,"CVI","female","present",935,"",0.3,458,71.6,26,71.3,432,NA
27,"2025-07-28","Przeclaw","littoral","2025-07-28",20.3,"12:54",NA,20,3,6,"Macrocyclops",2,36.7,"Cyclopoid","Macrocyclops","albidus","(Jurine)",1820,"CVI","female","present",1630,"",0,1523,72.4,12,72.4,1511,NA
27,"2025-07-28","Przeclaw","littoral","2025-07-28",20.3,"12:54",NA,20,3,6,"Paracyclops",3,38.6,"Cyclopoid","Ectocyclops","phaleratus","(Koch)",1838,"CVI","female","present",1145,"",36.8,13,65.9,398,29.1,385,NA
27,"2025-07-28","Przeclaw","littoral","2025-07-28",20.3,"12:54",NA,20,3,6,"Eucyclops",4,38.2,"Cyclopoid","Eucyclops","speratus","(Lilljeborg)",1901,"CVI","female","present",1240,"",36.6,NA,70.6,256,34,NA,NA
27,"2025-07-28","Przeclaw","littoral","2025-07-28",20.3,"12:54",NA,20,3,6,"Macrocyclops",5,36.6,"Cyclopoid","Macrocyclops","albidus","(Jurine)",1820,"CVI","female","present",1625,"",0,1523,72.4,12,72.4,1511,NA
27,"2025-07-28","Przeclaw","littoral","2025-07-28",20.3,"12:54",NA,20,3,6,"Acanthocyclops",6,39.6,"Cyclopoid","Acanthocyclops","trajani","Mirabdullayev & Defaye",2002,"CVI","female","present",1240,"one egg sac, few eggs",19.5,2601,62,146,42.5,2455,NA
27,"2025-07-28","Przeclaw","littoral","2025-07-28",20.3,"12:54",NA,20,3,6,"Eucyclops",7,39,"Cyclopoid","Thermocyclops","crassus","(Fischer)",1853,"CVI","female","present",940,"",0.3,458,71.6,26,71.3,432,NA
27,"2025-07-28","Przeclaw","littoral","2025-07-28",20.3,"12:54",NA,20,3,6,"Thermocyclops",9,39.2,"Cyclopoid","Thermocyclops","crassus","(Fischer)",1853,"CVI","female","present",965,"",0.3,458,71.6,26,71.3,432,NA
27,"2025-07-28","Przeclaw","littoral","2025-07-28",20.3,"12:54",NA,20,3,6,"Paracyclops",10,38.8,"Cyclopoid","Ectocyclops","phaleratus","(Koch)",1838,"CVI","female","present",1165,"one egg sac detached from body (in the vial)",36.8,13,65.9,398,29.1,385,NA
27,"2025-07-28","Przeclaw","littoral","2025-07-28",20.3,"12:54",NA,20,3,6,"Acanthocyclops",11,39.5,"Cyclopoid","Acanthocyclops","trajani","Mirabdullayev & Defaye",2002,"CVI","female","present",1310,"one egg/embryo only!",19.5,2601,62,146,42.5,2455,NA
27,"2025-07-28","Przeclaw","littoral","2025-07-28",20.3,"12:54",NA,20,3,6,"Macrocyclops",12,36.6,"Cyclopoid","Macrocyclops","albidus","(Jurine)",1820,"CVI","female","present",1530,"",0,1523,72.4,12,72.4,1511,NA
28,"2025-07-28","Przeclaw","littoral","2025-07-28",20.3,"12:57",NA,20.3,2,2,"Eucyclops (correction: Thermocyclops)",1,39.2,"Cyclopoid","Thermocyclops","crassus","(Fischer)",1853,"CVI","female","present",960,"",0.3,458,71.6,26,71.3,432,NA
28,"2025-07-28","Przeclaw","littoral","2025-07-28",20.3,"12:57",NA,20.3,2,2,"Acanthocyclops",2,40,"Cyclopoid","Acanthocyclops","trajani","Mirabdullayev & Defaye",2002,"CVI","female","present",1235,"one egg sac detached from body",19.5,2601,62,146,42.5,2455,NA
28,"2025-07-28","Przeclaw","littoral","2025-07-28",20.3,"12:57",NA,20.3,2,2,"Thermocyclops",3,39.2,"Cyclopoid","Thermocyclops","crassus","(Fischer)",1853,"CVI","female","present",940,"",0.3,458,71.6,26,71.3,432,NA
28,"2025-07-28","Przeclaw","littoral","2025-07-28",20.3,"12:57",NA,20.3,2,2,"Acanthocyclops",4,39.3,"Cyclopoid","Acanthocyclops","trajani","Mirabdullayev & Defaye",2002,"CVI","female","absent",1255,"",19.5,2601,62,146,42.5,2455,NA
28,"2025-07-28","Przeclaw","littoral","2025-07-28",20.3,"12:57",NA,20.3,2,2,"Eucyclops",5,38.9,"Cyclopoid","Eucyclops","sp. X",NA,NA,"CVI","female","present",1440,"",NA,NA,NA,NA,NA,NA,NA
28,"2025-07-28","Przeclaw","littoral","2025-07-28",20.3,"12:57",NA,20.3,2,2,"Macrocyclops",6,36.9,"Cyclopoid","Macrocyclops","albidus","(Jurine)",1820,"CVI","female","absent",1680,"",0,1523,72.4,12,72.4,1511,NA
28,"2025-07-28","Przeclaw","littoral","2025-07-28",20.3,"12:57",NA,20.3,2,2,"Macrocyclops",7,37.2,"Cyclopoid","Macrocyclops","albidus","(Jurine)",1820,"CVI","female","absent",1590,"",0,1523,72.4,12,72.4,1511,NA
28,"2025-07-28","Przeclaw","littoral","2025-07-28",20.3,"12:57",NA,20.3,2,2,"Paracyclops",9,39.2,"Cyclopoid","Ectocyclops","phaleratus","(Koch)",1838,"CVI","female","present",1220,"",36.8,13,65.9,398,29.1,385,NA
28,"2025-07-28","Przeclaw","littoral","2025-07-28",20.3,"12:57",NA,20.3,2,2,"Thermocyclops (specimen missing after assay; not preserved)",10,39.2,"Cyclopoid","","sp.",NA,NA,"","","absent",NA,"NOT PRESERVED - see excel file with original IDs",NA,NA,NA,NA,NA,NA,NA
28,"2025-07-28","Przeclaw","littoral","2025-07-28",20.3,"12:57",NA,20.3,2,2,"Paracyclops",11,38.9,"Cyclopoid","Ectocyclops","phaleratus","(Koch)",1838,"CVI","female","present",1180,"",36.8,13,65.9,398,29.1,385,NA
28,"2025-07-28","Przeclaw","littoral","2025-07-28",20.3,"12:57",NA,20.3,2,2,"Paracyclops",12,39.3,"Cyclopoid","Ectocyclops","phaleratus","(Koch)",1838,"CVI","female","present",1170,"",36.8,13,65.9,398,29.1,385,NA
29,"2025-07-28","Przeclaw","littoral","2025-07-28",20.3,"16:58",NA,20.3,3,6,"Diaptomid",1,35.9,"Calanoid","Eudiaptomus","graciloides","(Lilljeborg)",1888,"CVI","female","absent",1638,"",NA,NA,NA,NA,NA,NA,3.54719687718
29,"2025-07-28","Przeclaw","littoral","2025-07-28",20.3,"16:58",NA,20.3,3,6,"Paracyclops",2,37.4,"Cyclopoid","Ectocyclops","phaleratus","(Koch)",1838,"CVI","female","present",1150,"",36.8,13,65.9,398,29.1,385,NA
29,"2025-07-28","Przeclaw","littoral","2025-07-28",20.3,"16:58",NA,20.3,3,6,"Paracyclops",3,39,"Cyclopoid","Ectocyclops","phaleratus","(Koch)",1838,"CVI","female","absent",1195,"",36.8,13,65.9,398,29.1,385,NA
29,"2025-07-28","Przeclaw","littoral","2025-07-28",20.3,"16:58",NA,20.3,3,6,"Macrocyclops",4,36.3,"Cyclopoid","Macrocyclops","albidus","(Jurine)",1820,"CVI","female","present",1645,"",0,1523,72.4,12,72.4,1511,NA
29,"2025-07-28","Przeclaw","littoral","2025-07-28",20.3,"16:58",NA,20.3,3,6,"Paracyclops",5,38,"Cyclopoid","Ectocyclops","phaleratus","(Koch)",1838,"CVI","female","present",1215,"spermatophores also present",36.8,13,65.9,398,29.1,385,NA
29,"2025-07-28","Przeclaw","littoral","2025-07-28",20.3,"16:58",NA,20.3,3,6,"Paracyclops (small)",6,38.3,"Cyclopoid","Paracyclops","affinis","(Sars G.O.)",1863,"CVI","female","present",930,"",0.5,361,70.5,44,70,317,NA
29,"2025-07-28","Przeclaw","littoral","2025-07-28",20.3,"16:58",NA,20.3,3,6,"Eucyclops",8,38.8,"Cyclopoid","Eucyclops","speratus","(Lilljeborg)",1901,"CVI","female","present",1300,"",36.6,NA,70.6,256,34,NA,NA
29,"2025-07-28","Przeclaw","littoral","2025-07-28",20.3,"16:58",NA,20.3,3,6,"Paracyclops",9,38.6,"Cyclopoid","Ectocyclops","phaleratus","(Koch)",1838,"CVI","female","absent",1175,"",36.8,13,65.9,398,29.1,385,NA
29,"2025-07-28","Przeclaw","littoral","2025-07-28",20.3,"16:58",NA,20.3,3,6,"Diaptomid",10,35.6,"Calanoid","Eudiaptomus","graciloides","(Lilljeborg)",1888,"CVI","female","absent",1616,"",NA,NA,NA,NA,NA,NA,3.54719687718
29,"2025-07-28","Przeclaw","littoral","2025-07-28",20.3,"16:58",NA,20.3,3,6,"Eucyclops",11,37.7,"Cyclopoid","Eucyclops","speratus","(Lilljeborg)",1901,"CVI","female","present",1320,"",36.6,NA,70.6,256,34,NA,NA
29,"2025-07-28","Przeclaw","littoral","2025-07-28",20.3,"16:58",NA,20.3,3,6,"Macrocyclops",12,36.6,"Cyclopoid","Macrocyclops","albidus","(Jurine)",1820,"CVI","female","present",1620,"",0,1523,72.4,12,72.4,1511,NA
34,"2025-07-28","Przeclaw","littoral","2025-07-28",20.3,"17:15",NA,20.3,2,2,"Paracyclops",1,39.8,"Cyclopoid","Ectocyclops","phaleratus","(Koch)",1838,"CVI","female","present",1140,"The samples with codes 30## were coded as 34## in the file ""ctmax_data with original IDS and locality info"" and on the vials!",36.8,13,65.9,398,29.1,385,NA
34,"2025-07-28","Przeclaw","littoral","2025-07-28",20.3,"17:15",NA,20.3,2,2,"Paracyclops",2,39.2,"Cyclopoid","Ectocyclops","phaleratus","(Koch)",1838,"CVI","female","present",1135,"",36.8,13,65.9,398,29.1,385,NA
34,"2025-07-28","Przeclaw","littoral","2025-07-28",20.3,"17:15",NA,20.3,2,2,"Paracyclops",4,38.7,"Cyclopoid","Paracyclops","affinis","(Sars G.O.)",1863,"CVI","female","present",835,"one egg sac detached from body (in the vial)",0.5,361,70.5,44,70,317,NA
34,"2025-07-28","Przeclaw","littoral","2025-07-28",20.3,"17:15",NA,20.3,2,2,"Paracyclops",6,39.1,"Cyclopoid","Ectocyclops","phaleratus","(Koch)",1838,"CV","female","absent",925,"",36.8,13,65.9,398,29.1,385,NA
34,"2025-07-28","Przeclaw","littoral","2025-07-28",20.3,"17:15",NA,20.3,2,2,"Diaptomid",7,38.1,"Calanoid","Eudiaptomus","cf. vulgaris","(Schmeil)",1896,"CVI","female","absent",1752,"lebel on tube ""3407""",NA,NA,NA,NA,NA,NA,NA
34,"2025-07-28","Przeclaw","littoral","2025-07-28",20.3,"17:15",NA,20.3,2,2,"Diaptomid",8,36.8,"Calanoid","Eudiaptomus","cf. vulgaris","(Schmeil)",1896,"CVI","female","absent",1782,"lebel on tube ""3408""",NA,NA,NA,NA,NA,NA,NA
34,"2025-07-28","Przeclaw","littoral","2025-07-28",20.3,"17:15",NA,20.3,2,2,"Macro",9,36.1,"Cyclopoid","Macrocyclops","albidus","(Jurine)",1820,"CVI","female","absent",1630,"",0,1523,72.4,12,72.4,1511,NA
34,"2025-07-28","Przeclaw","littoral","2025-07-28",20.3,"17:15",NA,20.3,2,2,"Macro",10,38.8,"Cyclopoid","Macrocyclops","albidus","(Jurine)",1820,"CVI","female","present",1655,"",0,1523,72.4,12,72.4,1511,NA
34,"2025-07-28","Przeclaw","littoral","2025-07-28",20.3,"17:15",NA,20.3,2,2,"Thermocyclops",11,39.2,"Cyclopoid","Thermocyclops","crassus","(Fischer)",1853,"CVI","female","present",960,"one egg sac detached from body (in the vial)",0.3,458,71.6,26,71.3,432,NA
34,"2025-07-28","Przeclaw","littoral","2025-07-28",20.3,"17:15",NA,20.3,2,2,"Thermocyclops",12,39.6,"Cyclopoid","Thermocyclops","crassus","(Fischer)",1853,"CVI","female","absent",910,"",0.3,458,71.6,26,71.3,432,NA
