"code,""order""";Genus;Species;Author;Year;Instar;Sex;Eggs;Body length (um);Notes;;
"0401,""Calanoid""";Eurytemora; lacustris;(Poppe);1887;CVI;female;;972;;;
"0402,""Calanoid""";Eudiaptomus; gracilis;(Sars G.O.);1863;CVI;female;P;1169;;;
"0403,""Cyclopoid""";Thermocyclops;oithonoides;(Sars G.O.) ;1863;CVI;female;P;770;;;
"0404,""Calanoid""";Eurytemora; lacustris;(Poppe);1887;CVI;female;P;1380,8;;;
"0405,""Calanoid""";Eurytemora; lacustris;(Poppe);1887;CVI;female;;1241,6;;;
"0406,""Calanoid""";Eudiaptomus; gracilis;(Sars G.O.);1863;CVI;female;P;1207,8;;;
"0407,""Calanoid""";Eurytemora; lacustris;(Poppe);1887;CV;female;;1007,7;;;
"0408,""Calanoid""";Eurytemora; lacustris;(Poppe);1887;CVI;female;;1324,2;;;
"0409,""Calanoid""";Eurytemora; lacustris;(Poppe);1887;CV;female;;1235,3;;;
"0410,""Calanoid""";Eudiaptomus;  ;;;CV;female;;1124,8;;;
"0411,""Calanoid""";;;;;;;;;lack of tube;;
"0502,""Cyclopoid""";Eucyclops;serrulatus;(Fischer);1851;CVI;female;;1225;;;
"0503,""Cyclopoid""";Mesocyclops;leuckarti;(Claus);1857;CVI;female;P;955;;;
"0504,""Calanoid""";Eurytemora; lacustris;(Poppe);1887;CVI;female;;1429,4;;;
"0505,""Cyclopoid""";Thermocyclops;oithonoides;(Sars G.O.) ;1863;CVI;female;P;730;;;
"0506,""Cyclopoid""";Mesocyclops;leuckarti;(Claus);1857;CVI;female;P;960;"P4 with aberrant morphology on one side of the leg; antennule with aberrant morphology on the terminal segments";;
"0507,""Cyclopoid""";Mesocyclops;leuckarti;(Claus);1857;CVI;female;P;955;;;
"0508,""Calanoid""";Eurytemora; lacustris;(Poppe);1887;CVI;female;;1405,3;;;
"0509,""Cyclopoid""";Thermocyclops;oithonoides;(Sars G.O.) ;1863;CVI;female;P;715;;;
"0510,""Cyclopoid""";Mesocyclops;leuckarti;(Claus);1857;CVI;female;P;1005;;;
"0511,""Cyclopoid""";Mesocyclops;leuckarti;(Claus);1857;CVI;female;P;1025;Antennal enp2 with 8 setae (7 setae-state  is normal);;
"0512,""Calanoid""";Eurytemora; lacustris;(Poppe);1887;CVI;female;;1437;;;
"0601,""Cyclopoid""";Megacyclops;viridis;(Jurine);1820;CVI;female;;1955;Caudal rami with aberrant morphology on one side;;
"0602,""Cyclopoid""";Megacyclops;viridis;(Jurine);1820;CVI;female;;2010;;;
"0603,""Cyclopoid""";Eucyclops;speratus;(Lilljeborg);1901;CVI;female;P;1325;;;
"0604,""Cyclopoid""";Eucyclops;speratus;(Lilljeborg);1901;CVI;female;P;1380;;;
"0605,""Cyclopoid""";Megacyclops;viridis;(Jurine);1820;CV;male;;1485;;;
"0606,""Cyclopoid""";Eucyclops;speratus;(Lilljeborg);1901;CVI;female;P;1290;;;
"0607,""Cyclopoid""";Eucyclops;speratus;(Lilljeborg);1901;CVI;female;P;1385;;;
"0608,""Cyclopoid""";Eucyclops;speratus;(Lilljeborg);1901;CVI;female;;1375;;;
"0609,""Cyclopoid""";Macrocyclops;albidus;(Jurine);1820;CVI;female;;1660;;;
"0610,""Cyclopoid""";Thermocyclops;crassus;(Fischer);1853;CVI;female;;870;;;
"0612,""Cyclopoid""";Eucyclops;speratus;(Lilljeborg);1901;CVI;female;P;1315;;;
"0701,""Cyclopoid""";Mesocyclops;leuckarti;(Claus);1857;CVI;female;P;980;;;
"0702,""Cyclopoid""";Mesocyclops;leuckarti;(Claus);1857;CVI;female;P;985;;;
"0704,""Cyclopoid""";Mesocyclops;leuckarti;(Claus);1857;CVI;female;P;1010;;;
"0705,""Cyclopoid""";;;;;;;;;No specimen in the vial!;;
"0706,""Cyclopoid""";Thermocyclops;oithonoides;(Sars G.O.) ;1863;CVI;female;P;720;"Two adult specimens of T. oithonoides, both with eggs, in the vial. One of them may be from experiment ""0705""?";;
"0707,""Cyclopoid""";Mesocyclops;leuckarti;(Claus);1857;CVI;female;;905;;;
"0708,""Cyclopoid""";Mesocyclops;leuckarti;(Claus);1857;CVI;female;P;915;;;
"0709,""Calanoid""";Eurytemora; lacustris;(Poppe);1887;CVI;female;;1382,7;;;
"0710,""Calanoid""";Eurytemora; lacustris;(Poppe);1887;CVI;female;;1395;;;
"0711,""Cyclopoid""";;;;;;;;;"""specimen lost"" - see excel file with original IDs";;
"0712,""Calanoid""";Eudiaptomus; ;;;CV;female;;1037,6;;;
"0901,""Cyclopoid""";Cyclops;scutifer;(Sars G.O.) ;1863;CVI;female;P;1200;;;
"0902,""Calanoid""";Eudiaptomus; gracilis;(Sars G.O.);1863;CVI;female;;1213,1;;;
"0903,""Calanoid""";Eurytemora; lacustris;(Poppe);1887;CV;female;;1172,1;;;
"0905,""Calanoid""";Eurytemora; lacustris;(Poppe);1887;CV;female;;1186,3;;;
"0906,""Cyclopoid""";Cyclops;scutifer;(Sars G.O.) ;1863;CVI;female;P;1245;;;
"0907,""Cyclopoid""";Cyclops;scutifer;(Sars G.O.) ;1863;CVI;female;P;1185;;;
"0908,""Calanoid""";Eudiaptomus; graciloides;(Lilljeborg);1888;CVI;female;P;1128,5;;;
"0909,""Calanoid""";Eudiaptomus; graciloides;(Lilljeborg);1888;CVI;female;P;1177,2;;;
"0910,""Cyclopoid""";Cyclops;scutifer;(Sars G.O.) ;1863;CVI;female;P;1285;;;
"0911,""Calanoid""";Eudiaptomus; graciloides;(Lilljeborg);1888;CVI;female;P;1143,9;;;
"0912,""Cyclopoid""";Cyclops;scutifer;(Sars G.O.) ;1863;CVI;female;;1240;;;
"1101,""Cyclopoid""";Mesocyclops;leuckarti;(Claus);1857;CVI;female;;1165;;;
"1102,""Cyclopoid""";Eucyclops;speratus;(Lilljeborg);1901;CVI;female;P;1275;;;
"1103,""Cyclopoid""";Eucyclops;speratus;(Lilljeborg);1901;CVI;female;P;1290;;;
"1104,""Cyclopoid""";Eucyclops;speratus;(Lilljeborg);1901;CVI;female;P;1290;egg sac detached  from the body, in the vial;;
"1105,""Cyclopoid""";Eucyclops;speratus;(Lilljeborg);1901;CVI;female;;1185;;;
"1106,""Cyclopoid""";Megacyclops;viridis;(Jurine);1820;CVI;female;;1820;;;
"1107,""Cyclopoid""";Mesocyclops;leuckarti;(Claus);1857;CVI;female;P;1085;one egg sac only,  detached from the body;;
"1108,""Cyclopoid""";Macrocyclops;albidus;(Jurine);1820;CVI;female;;1805;;;
"1109,""Cyclopoid""";Eucyclops;speratus;(Lilljeborg);1901;CVI;female;P;1370;;;
"1110,""Cyclopoid""";Eucyclops;speratus;(Lilljeborg);1901;CVI;female;P;1355;;;
"1111,""Cyclopoid""";Eucyclops;macruroides;(Lilljeborg);1901;CVI;female;;1330;;;
"0801,""Calanoid""";Heterocope; appendiculata;Sars G.O.;1863;CVI;female;;2411,5;;;
"0802,""Cyclopoid""";Mesocyclops;leuckarti;(Claus);1857;CVI;female;P;1075;One Daphnia was also present in the vial.;;
"0803,""Calanoid""";Heterocope; appendiculata;Sars G.O.;1863;CVI;female;;2171,3;;;
"0804,""Cyclopoid""";Mesocyclops;leuckarti;(Claus);1857;CVI;female;;1105;;;
"0805,""Calanoid""";Eudiaptomus; gracilis;(Sars G.O.);1863;CVI;female;;1210,2;;;
"0807,""Calanoid""";Eudiaptomus; gracilis;(Sars G.O.);1863;CVI;female;;1173,4;;;
"0808,""Calanoid""";Eudiaptomus; gracilis;(Sars G.O.);1863;CVI;female;P;1241,2;;;
"0809,""Calanoid""";Eudiaptomus; gracilis;(Sars G.O.);1863;CVI;female;P;1173,2;;;
"0810,""Cyclopoid""";Mesocyclops;leuckarti;(Claus);1857;CVI;female;P;1110; few eggs only;;
"0811,""Calanoid""";Eudiaptomus; gracilis;(Sars G.O.);1863;CVI;female;P;1130,3;;;
"0812,""Calanoid""";;;;;;;;;lack of specimen in the tube;;
"1001,""Calanoid""";Eurytemora; lacustris;(Poppe);1887;CVI;female;P;1388,7;;;
"1002,""Calanoid""";Eurytemora; lacustris;(Poppe);1887;CVI;female;P;1518,8;;;
"1003,""Calanoid""";Eurytemora; lacustris;(Poppe);1887;CVI;female;P;1520;;;
"1004,""Cyclopoid""";Mesocyclops;leuckarti;(Claus);1857;CVI;female;P;1090;few eggs only;;
"1006,""Calanoid""";Heterocope; appendiculata;Sars G.O.;1863;CVI;female;;2196,1;;;
"1007,""Calanoid""";Eudiaptomus; gracilis;(Sars G.O.);1863;CVI;female;P;1149,9;;;
"1008,""Calanoid""";Eudiaptomus; gracilis;(Sars G.O.);1863;CVI;female;;1190,4;;;
"1009,""Calanoid""";Eudiaptomus; gracilis;(Sars G.O.);1863;CVI;female;P;1124;;;
"1010,""Cyclopoid""";Cyclops;scutifer;(Sars G.O.) ;1863;CVI;female;P;1270;;;
"1011,""Calanoid""";Eurytemora; lacustris;(Poppe);1887;CVI;female;P;1479,6;;;
"1012,""Calanoid""";Eudiaptomus; gracilis;(Sars G.O.);1863;CVI;female;;1170,02;;;
"1201,""Calanoid""";Eudiaptomus; graciloides;(Lilljeborg);1888;CVI;female;;1288,1;;;
"1202,""Calanoid""";Eudiaptomus; gracilis;(Sars G.O.);1863;CVI;female;P;1233,9;;;
"1204,""Calanoid""";Eudiaptomus; graciloides;(Lilljeborg);1888;CVI;female;;1286,6;;;
"1205,""Cyclopoid""";Thermocyclops;oithonoides;(Sars G.O.) ;1863;CVI;female;;665;;;
"1206,""Cyclopoid""";Thermocyclops;oithonoides;(Sars G.O.) ;1863;CVI;female;P;710;;;
"1207,""Calanoid""";Eudiaptomus; graciloides;(Lilljeborg);1888;CVI;female;P;1259;;;
"1208,""Cyclopoid""";Thermocyclops;oithonoides;(Sars G.O.);1863;CVI;female;;650;;;
"1209,""Cyclopoid""";Thermocyclops;oithonoides;(Sars G.O.);1863;CVI;female;P;655;;;
"1210,""Calanoid""";Eudiaptomus; graciloides;(Lilljeborg);1888;CVI;female;P;1361,5;;;
"1211,""Cyclopoid""";Thermocyclops;oithonoides;(Sars G.O.);1863;CVI;female;;720;Urosome was lost after the measuring.;;
"1212,""Calanoid""";Eudiaptomus; gracilis;(Sars G.O.);1863;CVI;female;P;1302,2;;;
"1301,""Cyclopoid""";Eucyclops;speratus;(Lilljeborg);1901;CVI;female;P;1230;;;
"1302,""Cyclopoid""";Macrocyclops;albidus;(Jurine);1820;CVI;female;P;1750;;;
"1303,""Cyclopoid""";ergasilid;;;;CV;male;;950;Maxillipeds are present (absent in female in the Ergasilidae);;
"1304,""Cyclopoid""";Macrocyclops;albidus;(Jurine);1820;CVI;female;P;1740;;;
"1306,""Cyclopoid""";Eucyclops;speratus;(Lilljeborg);1901;CVI;female;P;1330;;;
"1307,""Cyclopoid""";Macrocyclops;albidus;(Jurine);1820;CVI;female;P;1560;;;
"1308,""Calanoid""";Eudiaptomus; graciloides;(Lilljeborg);1888;CVI;female;P;1260,9;;;
"1309,""Calanoid""";Eudiaptomus; graciloides;(Lilljeborg);1888;CVI;female;P;1207,6;;;
"1310,""Cyclopoid""";Macrocyclops;albidus;(Jurine);1820;CVI;female;P;1610;;;
"1311,""Cyclopoid""";Macrocyclops;albidus;(Jurine);1820;CVI;female;P;1750;;;
"1312,""Calanoid""";Eudiaptomus; gracilis;(Sars G.O.);1863;CVI;female;P;1249;;;
"1401,""Cyclopoid""";Mesocyclops;leuckarti;(Claus);1857;CVI;female;P;980;;;
"1402,""Calanoid""";Eudiaptomus; gracilis;(Sars G.O.);1863;CVI;female;;1256;;;
"1403,""Cyclopoid""";Mesocyclops;leuckarti;(Claus);1857;CVI;female;P;930;Few eggs;;
"1405,""Calanoid""";Eudiaptomus; gracilis;(Sars G.O.);1863;CVI;female;P;1306;;;
"1406,""Cyclopoid""";Mesocyclops;leuckarti;(Claus);1857;CVI;female;;945;;;
"1407,""Cyclopoid""";Thermocyclops;oithonoides;(Sars G.O.);1863;CVI;female;P;705;;;
"1408,""Cyclopoid""";Thermocyclops;oithonoides;(Sars G.O.);1863;CVI;female;P;665;Few eggs;;
"1409,""Calanoid""";Eudiaptomus; graciloides;(Lilljeborg);1888;CVI;female;P;1218,3;;;
"1410,""Cyclopoid""";Thermocyclops;oithonoides;(Sars G.O.);1863;CVI;female;;715;;;
"1411,""Cyclopoid""";Mesocyclops;leuckarti;(Claus);1857;CVI;female;P;980;;;
"1412,""Calanoid""";Eudiaptomus; graciloides;(Lilljeborg);1888;CVI;female;P;1218;;;
"1601,""Cyclopoid""";Mesocyclops;leuckarti;(Claus);1857;CVI;female;;885;;;
"1602,""Calanoid""";Eudiaptomus; graciloides;(Lilljeborg);1888;CVI;female;P;1287;;;
"1603,""Calanoid""";;;;;;;;;lack of specimen in the tube;;
"1604,""Cyclopoid""";Mesocyclops;leuckarti;(Claus);1857;CVI;female;P;910;;;
"1605,""Calanoid""";Eudiaptomus; graciloides;(Lilljeborg);1888;CVI;female;P;1232,4;;;
"1607,""Calanoid""";Eudiaptomus; graciloides;(Lilljeborg);1888;CVI;female;;1294,1;;;
"1608,""Cyclopoid""";Mesocyclops;leuckarti;(Claus);1857;CVI;female;;940;;;
"1609,""Calanoid""";Eudiaptomus; graciloides;(Lilljeborg);1888;CVI;female;P;1051,7;;;
"1610,""Cyclopoid""";Mesocyclops;leuckarti;(Claus);1857;CVI;female;P;905;;;
"1611,""Calanoid""";Eudiaptomus; graciloides;(Lilljeborg);1888;CVI;female;;1192;;;
"1612,""Cyclopoid""";Thermocyclops;crassus;(Fischer);1853;CVI;female;;955;;;
"1501,""Cyclopoid""";Macrocyclops;albidus;(Jurine);1820;CVI;female;P;1690;;;
"1502,""Cyclopoid""";Eucyclops;speratus;(Lilljeborg);1901;CVI;female;P;1340;;;
"1503,""Cyclopoid""";Eucyclops;speratus;(Lilljeborg);1901;CVI;female;P;1280;;;
"1504,""Cyclopoid""";Eucyclops;speratus;(Lilljeborg);1901;CVI;female;P;1325;;;
"1505,""Calanoid""";Eudiaptomus; graciloides;(Lilljeborg);1888;CVI;female;P;1348,4;;;
"1506,""Calanoid""";Eudiaptomus; graciloides;(Lilljeborg);1888;CVI;female;P;1359,5;;;
"1507,""Calanoid""";Eudiaptomus; graciloides;(Lilljeborg);1888;CVI;female;P;1189,64;;;
"1508,""Cyclopoid""";Thermocyclops;crassus;(Fischer);1853;CVI;female;P;955;;;
"1509,""Cyclopoid""";Thermocyclops;crassus;(Fischer);1853;CVI;female;P;920;;;
"1510,""Cyclopoid""";Macrocyclops;albidus;(Jurine);1820;CVI;female;P;1700;;;
"1512,""Cyclopoid""";Mesocyclops;leuckarti;(Claus);1857;CVI;female;P;935;Few eggs;;
"1701,""Cyclopoid""";Eucyclops;speratus;(Lilljeborg);1901;CVI;female;P;1290;;;
"1702,""Cyclopoid""";Eucyclops;speratus;(Lilljeborg);1901;CVI;female;P;1250;One egg sac;;
"1703,""Cyclopoid""";Eucyclops;speratus;(Lilljeborg);1901;CVI;female;P;1330;;;
"1704,""Calanoid""";Eudiaptomus; gracilis;(Sars G.O.);1863;CVI;female;P;1303,8;;;
"1705,""Cyclopoid""";Megacyclops;viridis;(Jurine);1820;CVI;female;P;1835;One egg sac;;
"1706,""Calanoid""";Eudiaptomus; gracilis;(Sars G.O.);1863;CVI;female;P;1260,3;;;
"1707,""Calanoid""";Eudiaptomus; graciloides;(Lilljeborg);1888;CVI;female;P;1240;;;
"1709,""Cyclopoid""";Macrocyclops;albidus;(Jurine);1820;CVI;female;P;1630;;;
"1710,""Cyclopoid""";Macrocyclops;albidus;(Jurine);1820;CVI;female;P;1765;;;
"1711,""Cyclopoid""";Macrocyclops;albidus;(Jurine);1820;CVI;female;P;1790;;;
"1802,""Calanoid""";Eudiaptomus; gracilis;(Sars G.O.);1863;CVI;female;;1277;;;
"1803,""Cyclopoid""";Acanthocyclops;trajani;Mirabdullayev & Defaye;2002;CVI;female;;1300;with spermatophores;;
"1804,""Cyclopoid""";Acanthocyclops;trajani;Mirabdullayev & Defaye;2002;CVI;female;;1455;;;
"1805,""Calanoid""";Eudiaptomus; gracilis;(Sars G.O.);1863;CVI;female;;1205;;;
"1806,""Cyclopoid""";Mesocyclops;leuckarti;(Claus);1857;CVI;female;P;930;;;
"1807,""Cyclopoid""";Mesocyclops;leuckarti;(Claus);1857;CVI;female;P;1105;single egg!;;
"1808,""Calanoid""";Eurytemora; velox;(Lilljeborg);1853;CVI;female;P;1606;;;
"1809,""Cyclopoid""";Mesocyclops;leuckarti;(Claus);1857;CVI;female;P;1140;few eggs;;
"1810,""Calanoid""";Eurytemora; velox;(Lilljeborg);1853;CVI;female;P;1562;;;
"1811,""Calanoid""";Eurytemora; velox;(Lilljeborg);1853;CVI;female;P;1493;;;
"1812,""Cyclopoid""";Acanthocyclops;trajani;Mirabdullayev & Defaye;2002;CVI;female;;1310;"P4 with abnormal morphology; spermatophores present";;
"1901,""Cyclopoid""";Acanthocyclops;trajani;Mirabdullayev & Defaye;2002;CVI;female;P;1325;with two eggs only;;
"1902,""Calanoid""";Eurytemora; carolleeae;Alekseev & Souissi;2011;CVI;female;P;1377;;;
"1903,""Cyclopoid""";Mesocyclops;leuckarti;(Claus);1857;CVI;female;P;935;;;
"1904,""Calanoid""";Eurytemora; velox;(Lilljeborg);1853;CVI;female;P;1459;;;
"1905,""Cyclopoid""";Mesocyclops;leuckarti;(Claus);1857;CVI;female;P;1110;;;
"1906,""Calanoid""";Eurytemora; velox;(Lilljeborg);1853;CVI;female;P;1588;;;
"1907,""Cyclopoid""";Thermocyclops;crassus;(Fischer);1853;CVI;female;P;915;;;
"1909,""Cyclopoid""";Thermocyclops;oithonoides;(Sars G.O.);1863;CVI;female;P;845;the legs and body with epibiont protozoa;;
"1910,""Cyclopoid""";Thermocyclops;oithonoides;(Sars G.O.);1863;CVI;female;P;810;;;
"1911,""Calanoid""";Eurytemora; velox;(Lilljeborg);1853;CVI;female;P;1533;;;
"1912,""Cyclopoid""";Acanthocyclops;trajani;Mirabdullayev & Defaye;2002;CVI;female;P;1280;;;
"2001,""Cyclopoid""";Acanthocyclops;trajani;Mirabdullayev & Defaye;2002;CVI;female;P;1325;few eggs;;
"2002,""Calanoid""";Eudiaptomus; gracilis;(Sars G.O.);1863;CVI;female;;1255;;;
"2003,""Cyclopoid""";Mesocyclops;leuckarti;(Claus);1857;CVI;female;P;955;;;
"2004,""Cyclopoid""";Megacyclops;viridis;(Jurine);1820;CVI;female;P;1825;;;
"2005,""Cyclopoid""";Mesocyclops;leuckarti;(Claus);1857;CVI;female;P;930;;;
"2006,""Cyclopoid""";Acanthocyclops;trajani;Mirabdullayev & Defaye;2002;CVI;female;;1210;;;
"2008,""Calanoid""";Eurytemora; velox;(Lilljeborg);1853;CVI;female;P;1600;;;
"2009,""Cyclopoid""";Acanthocyclops;trajani;Mirabdullayev & Defaye;2002;CVI;female;P;1315;;;
"2010,""Cyclopoid""";Mesocyclops;leuckarti;(Claus);1857;CVI;female;;1130;;;
"2011,""Calanoid""";Eurytemora; velox;(Lilljeborg);1853;CVI;female;P;1549;;;
"2012,""Calanoid""";Eurytemora; velox;(Lilljeborg);1853;CVI;female;;1664;;;
"2101,""Calanoid""";Eurytemora; velox;(Lilljeborg);1853;CVI;female;P;1560;;;
"2102,""Cyclopoid""";Acanthocyclops;trajani;Mirabdullayev & Defaye;2002;CVI;female;P;1225;;;
"2103,""Cyclopoid""";Thermocyclops;oithonoides;(Sars G.O.);1863;CVI;female;P;790;one egg sac (in the vial!) detached from the body during dissection;;
"2104,""Cyclopoid""";Acanthocyclops;trajani;Mirabdullayev & Defaye;2002;CVI;female;P;1390;few eggs;;
"2105,""Cyclopoid""";Thermocyclops;oithonoides;(Sars G.O.);1863;CVI;female;P;800;;;
"2106,""Calanoid""";Eurytemora; velox;(Lilljeborg);1853;CVI;female;P;1475;;;
"2108,""Cyclopoid""";Acanthocyclops;trajani;Mirabdullayev & Defaye;2002;CVI;female;P;1285;protozoan epibionts on the body in large numbers;;
"2109,""Cyclopoid""";Thermocyclops;oithonoides;(Sars G.O.);1863;CVI;female;P;815;;;
"2110,""Calanoid""";Eudiaptomus; gracilis;(Sars G.O.);1863;CVI;female;;1293;;;
"2111,""Cyclopoid""";Thermocyclops;oithonoides;(Sars G.O.);1863;CVI;female;P;805;;;
"2112,""Calanoid""";Eurytemora; carolleeae;Alekseev & Souissi;2011;CVI;female;P;1336;;;
"2201,""Cyclopoid""";Mesocyclops;leuckarti;(Claus);1857;CVI;female;;1040;;;
"2202,""Cyclopoid""";Acanthocyclops;trajani;Mirabdullayev & Defaye;2002;CVI;female;P;1325;;;
"2203,""Calanoid""";Eurytemora; velox;(Lilljeborg);1853;CVI;female;P;1745;;;
"2204,""Calanoid""";Eudiaptomus; gracilis;(Sars G.O.);1863;CVI;female;;1228;;;
"2205,""Cyclopoid""";Thermocyclops;crassus;(Fischer);1853;CVI;female;P;920;;;
"2206,""Calanoid""";Eurytemora; velox;(Lilljeborg);1853;CVI;female;;1565;;;
"2207,""Cyclopoid""";Acanthocyclops;trajani;Mirabdullayev & Defaye;2002;CVI;female;P;1345;Spermatophores are also present;;
"2208,""Cyclopoid""";Thermocyclops;oithonoides;(Sars G.O.);1863;CVI;female;P;765;One egg sac only;;
"2209,""Calanoid""";Eudiaptomus; gracilis;(Sars G.O.);1863;CVI;female;P;1538;;;
"2211,""Cyclopoid""";Acanthocyclops;trajani;Mirabdullayev & Defaye;2002;CVI;female;;1410;Spermatophores are present;;
"2212,""Cyclopoid""";Thermocyclops;oithonoides;(Sars G.O.);1863;CVI;female;;820;;;
"2301,""Cyclopoid""";Thermocyclops;crassus;(Fischer);1853;CVI;female;P;965;One egg sac only;;
"2302,""Cyclopoid""";Mesocyclops;leuckarti;(Claus);1857;CVI;female;P;1245;;;
"2303,""Cyclopoid""";Mesocyclops;leuckarti;(Claus);1857;CVI;female;P;1240;;;
"2304,""Cyclopoid""";Eucyclops;speratus;(Lilljeborg);1901;CVI;female;P;1430;;;
"2305,""Cyclopoid""";Thermocyclops;crassus;(Fischer);1853;CVI;female;P;955;;;
"2306,""Cyclopoid""";Eucyclops;sp. X;;;CVI;female;P;1350;"Egg sacs detached from body; in the vial";;
"2307,""Cyclopoid""";Macrocyclops;fuscus;(Jurine);1820;CVI;female;P;2070;;;
"2308,""Cyclopoid""";Macrocyclops;albidus;(Jurine);1820;CVI;female;P;1750;;;
"2309,""Cyclopoid""";Thermocyclops;crassus;(Fischer);1853;CVI;female;P;975;;;
"2310,""Cyclopoid""";Acanthocyclops;einslei;Mirabdullayev & Defaye;2004;CVI;female;P;1565;One egg sac detached (in the vial), other one on the body;;
"2312,""Cyclopoid""";Acanthocyclops;einslei;Mirabdullayev & Defaye;2004;CVI;female;;1535;;;
"2401,""Cyclopoid""";Acanthocyclops;einslei;Mirabdullayev & Defaye;2004;CVI;female;;1690;"Spermatophores present; detached from body, in the vial";;
"2402,""Cyclopoid""";Macrocyclops;fuscus;(Jurine);1820;CVI;female;P;2015;;;
"2403,""Cyclopoid""";Thermocyclops;crassus;(Fischer);1853;CVI;female;;990;;;
"2404,""Cyclopoid""";Acanthocyclops;einslei;Mirabdullayev & Defaye;2004;CVI;female;P;1535;;;
"2405,""Cyclopoid""";Macrocyclops;albidus;(Jurine);1820;CVI;female;P;1755;;;
"2406,""Cyclopoid""";Mesocyclops;leuckarti;(Claus);1857;CVI;female;P;1245;Few eggs;;
"2407,""Cyclopoid""";Macrocyclops;albidus;(Jurine);1820;CVI;female;P;1745;;;
"2408,""Cyclopoid""";Thermocyclops;crassus;(Fischer);1853;CVI;female;P;950;;;
"2409,""Cyclopoid""";Acanthocyclops;einslei;Mirabdullayev & Defaye;2004;CVI;female;P;1605;One egg sac detached from body;;
"2411,""Cyclopoid""";Macrocyclops;fuscus;(Jurine);1820;CVI;female;P;2060;;;
"2412,""Cyclopoid""";Mesocyclops;leuckarti;(Claus);1857;CVI;female;P;1255;;;
"2501,""Cyclopoid""";Macrocyclops;albidus;(Jurine);1820;CVI;female;P;1715;egg sac detached from body, in the vial;;
"2502,""Cyclopoid""";Mesocyclops;leuckarti;(Claus);1857;CVI;female;P;1235;few eggs;;
"2504,""Cyclopoid""";Acanthocyclops;einslei;Mirabdullayev & Defaye;2004;CVI;female;P;1505;few eggs;;
"2505,""Cyclopoid""";Eucyclops;speratus;(Lilljeborg);1901;CVI;female;P;1380;;;
"2506,""Cyclopoid""";Macrocyclops;albidus;(Jurine);1820;CVI;female;;1790;spermatophores present;;
"2507,""Cyclopoid""";Acanthocyclops;einslei;Mirabdullayev & Defaye;2004;CVI;female;P;1415;one egg sac detached;;
"2508,""Cyclopoid""";Macrocyclops;fuscus;(Jurine);1820;CVI;female;P;2120;;;
"2509,""Cyclopoid""";Acanthocyclops;einslei;Mirabdullayev & Defaye;2004;CVI;female;P;1685;;;
"2510,""Cyclopoid""";Eucyclops;sp. X;;;CVI;female;;1465;;;
"2511,""Cyclopoid""";Macrocyclops;fuscus;(Jurine);1820;CVI;female;P;2005;;;
"2512,""Cyclopoid""";Eucyclops;sp. X;;;CVI;female;P;1450;"One egg sac detached (in the vial); one egg sac on the body";;
"2601,""Cyclopoid""";Eucyclops;speratus;(Lilljeborg);1901;CVI;female;P;1515;;;
"2602,""Cyclopoid""";Mesocyclops;leuckarti;(Claus);1857;CVI;female;P;1190;;;
"2603,""Cyclopoid""";Macrocyclops;fuscus;(Jurine);1820;CVI;female;P;2150;;;
"2604,""Cyclopoid""";Macrocyclops;albidus;(Jurine);1820;CVI;female;P;1690;;;
"2605,""Cyclopoid""";Eucyclops;speratus;(Lilljeborg);1901;CVI;female;P;1380;both egg sacs detached from body (in the vial);;
"2607,""Cyclopoid""";Macrocyclops;fuscus;(Jurine);1820;CVI;female;P;2075;;;
"2608,""Cyclopoid""";Macrocyclops;albidus;(Jurine);1820;CVI;female;P;1745;;;
"2609,""Cyclopoid""";Acanthocyclops;einslei;Mirabdullayev & Defaye;2004;CVI;female;P;1515;;;
"2610,""Cyclopoid""";Eucyclops;speratus;(Lilljeborg);1901;CVI;female;P;1355;;;
"2611,""Cyclopoid""";Mesocyclops;leuckarti;(Claus);1857;CVI;female;P;1200;;;
"2612,""Cyclopoid""";Mesocyclops;leuckarti;(Claus);1857;CVI;female;P;1230;;;
"2701,""Cyclopoid""";Thermocyclops;crassus;(Fischer);1853;CVI;female;P;935;;;
"2702,""Cyclopoid""";Macrocyclops;albidus;(Jurine);1820;CVI;female;P;1630;;;
"2703,""Cyclopoid""";Ectocyclops;phaleratus;(Koch);1838;CVI;female;P;1145;;;
"2704,""Cyclopoid""";Eucyclops;speratus;(Lilljeborg);1901;CVI;female;P;1240;;;
"2705,""Cyclopoid""";Macrocyclops;albidus;(Jurine);1820;CVI;female;P;1625;;;
"2706,""Cyclopoid""";Acanthocyclops;trajani;Mirabdullayev & Defaye;2002;CVI;female;P;1240;one egg sac, few eggs;;
"2707,""Cyclopoid""";Thermocyclops;crassus;(Fischer);1853;CVI;female;P;940;;;
"2709,""Cyclopoid""";Thermocyclops;crassus;(Fischer);1853;CVI;female;P;965;;;
"2710,""Cyclopoid""";Ectocyclops;phaleratus;(Koch);1838;CVI;female;P;1165;one egg sac detached from body (in the vial);;
"2711,""Cyclopoid""";Acanthocyclops;trajani;Mirabdullayev & Defaye;2002;CVI;female;P;1310;one egg/embryo only!;;
"2712,""Cyclopoid""";Macrocyclops;albidus;(Jurine);1820;CVI;female;P;1530;;;
"2801,""Cyclopoid""";Thermocyclops;crassus;(Fischer);1853;CVI;female;P;960;;;
"2802,""Cyclopoid""";Acanthocyclops;trajani;Mirabdullayev & Defaye;2002;CVI;female;P;1235;one egg sac detached from body;;
"2803,""Cyclopoid""";Thermocyclops;crassus;(Fischer);1853;CVI;female;P;940;;;
"2804,""Cyclopoid""";Acanthocyclops;trajani;Mirabdullayev & Defaye;2002;CVI;female;;1255;;;
"2805,""Cyclopoid""";Eucyclops;sp. X;;;CVI;female;P;1440;;;
"2806,""Cyclopoid""";Macrocyclops;albidus;(Jurine);1820;CVI;female;;1680;;;
"2807,""Cyclopoid""";Macrocyclops;albidus;(Jurine);1820;CVI;female;;1590;;;
"2809,""Cyclopoid""";Ectocyclops;phaleratus;(Koch);1838;CVI;female;P;1220;;;
"2810,""Cyclopoid""";;;;;;;;;NOT PRESERVED - see excel file with original IDs;;
"2811,""Cyclopoid""";Ectocyclops;phaleratus;(Koch);1838;CVI;female;P;1180;;;
"2812,""Cyclopoid""";Ectocyclops;phaleratus;(Koch);1838;CVI;female;P;1170;;;
"2901,""Calanoid""";Eudiaptomus; graciloides;(Lilljeborg);1888;CVI;female;;1638;;;
"2902,""Cyclopoid""";Ectocyclops;phaleratus;(Koch);1838;CVI;female;P;1150;;;
"2903,""Cyclopoid""";Ectocyclops;phaleratus;(Koch);1838;CVI;female;;1195;;;
"2904,""Cyclopoid""";Macrocyclops;albidus;(Jurine);1820;CVI;female;P;1645;;;
"2905,""Cyclopoid""";Ectocyclops;phaleratus;(Koch);1838;CVI;female;P;1215;spermatophores also present;;
"2906,""Cyclopoid""";Paracyclops;affinis;(Sars G.O.);1863;CVI;female;P;930;;;
"2908,""Cyclopoid""";Eucyclops;speratus;(Lilljeborg);1901;CVI;female;P;1300;;;
"2909,""Cyclopoid""";Ectocyclops;phaleratus;(Koch);1838;CVI;female;;1175;;;
"2910,""Calanoid""";Eudiaptomus; graciloides;(Lilljeborg);1888;CVI;female;;1616;;;
"2911,""Cyclopoid""";Eucyclops;speratus;(Lilljeborg);1901;CVI;female;P;1320;;;
"2912,""Cyclopoid""";Macrocyclops;albidus;(Jurine);1820;CVI;female;P;1620;;;
"3001,""Cyclopoid""";Ectocyclops;phaleratus;(Koch);1838;CVI;female;P;1140;"The samples with codes 30## were coded as 34## in the file ""ctmax_data with original IDS and locality info"" and on the vials!";;
"3002,""Cyclopoid""";Ectocyclops;phaleratus;(Koch);1838;CVI;female;P;1135;;;
"3004,""Cyclopoid""";Paracyclops;affinis;(Sars G.O.);1863;CVI;female;P;835;one egg sac detached from body (in the vial);;
"3006,""Cyclopoid""";Ectocyclops;phaleratus;(Koch);1838;CV;female;;925;;;
"3007,""Calanoid""";Eudiaptomus; cf. vulgaris;(Schmeil);1896;CVI;female;;1752;"lebel on tube ""3407""";;
"3008,""Calanoid""";Eudiaptomus; cf. vulgaris;(Schmeil);1896;CVI;female;;1782;"lebel on tube ""3408""";;
"3009,""Cyclopoid""";Macrocyclops;albidus;(Jurine);1820;CVI;female;;1630;;;
"3010,""Cyclopoid""";Macrocyclops;albidus;(Jurine);1820;CVI;female;P;1655;;;
"3011,""Cyclopoid""";Thermocyclops;crassus;(Fischer);1853;CVI;female;P;960;one egg sac detached from body (in the vial);;
"3012,""Cyclopoid""";Thermocyclops;crassus;(Fischer);1853;CVI;female;;910;;;
